Timestamp,Price,Volume,FullyDilluted,CirculatingSupply
1516665600,0.022426700219511986,856621.0,0.0,0.0
1516752000,0.013707700185477734,11293600.0,0.0,0.0
1516838400,0.014414300210773945,6237150.0,0.0,0.0
1516924800,0.014705699868500233,2821800.0,0.0,0.0
1517011200,0.013924400322139263,1767080.0,0.0,0.0
1517097600,0.01313250046223402,3257670.0,0.0,0.0
1517184000,0.01092469971626997,4265500.0,0.0,0.0
1517270400,0.008627500385046005,2518600.0,0.0,0.0
1517356800,0.008839069865643978,1560770.0,0.0,0.0
1517443200,0.007720380090177059,904749.0,0.0,0.0
1517529600,0.0068497201427817345,697707.0,0.0,0.0
1517616000,0.007718420121818781,755843.0,39916500.7721,4350.615215814221
1517702400,0.006505620200186968,361136.0,33644396.8782,4064.802087331473
1517788800,0.005322969984263182,441376.0,27528216.4115,3957.895123446459
1517875200,0.00627165986225009,426939.0,32434451.7702,4182.931754437831
1517961600,0.0072007798589766026,1097480.0,37239479.12,4886.236917343606
1518048000,0.009779890067875385,1247530.0,50577577.6306,6119.050656508524
1518134400,0.009031619876623154,925523.0,46707832.264,5345.991212098207
1518220800,0.0084976302459836,633766.0,43946255.1216,5097.051353464594
1518307200,0.00784716010093689,323339.0,40582291.2201,4991.69064143867
1518393600,0.007481880020350218,816091.0,38693212.9628,4334.609202802542
1518480000,0.006798889953643084,352110.0,35161068.9668,4089.300060343866
1518566400,0.007781229913234711,437884.0,40241328.3163,4238.324606274324
1518652800,0.007481229957193136,467206.0,38689851.4296,3805.659049811264
1518739200,0.007063809782266617,266762.0,36531126.4895,3569.61744452801
1518825600,0.007610720116645098,401350.0,39359520.5698,3541.851015533045
1518912000,0.0068504698574543,516751.0,35427819.5595,3357.51499918642
1518998400,0.007032180204987526,333862.0,36367549.1097,3239.783597127664
1519084800,0.005515379831194878,532225.0,28523281.9707,2501.229054169502
1519171200,0.005632909946143627,366083.0,29426726.5998,2752.631400311235
1519257600,0.0047503202222287655,330122.0,24816013.0201,2480.363080944095
1519344000,0.005919360090047121,317775.0,30923161.983,3001.929261376928
1519430400,0.005106799770146608,166895.0,26678290.1555,2718.648908932035
1519516800,0.005383499898016453,139741.0,28123790.8381,2909.938680850473
1519603200,0.0043926299549639225,376150.0,23078286.2811,2226.194092085641
1519689600,0.004824299830943346,195748.0,25346222.3101,2363.151912408715
1519776000,0.004322399850934744,160683.0,22709307.3219,2184.026621777021
1519862400,0.004509950056672096,244838.0,23694669.7567,2163.699314466987
1519948800,0.004663439933210611,181936.0,24501085.5398,2210.012195824227
1520035200,0.004550660029053688,112356.0,23908554.6126,2080.866888237739
1520121600,0.004593340214341879,143207.0,24132789.5831,2096.208090347849
1520208000,0.004704489838331938,143889.0,24719260.6252,2135.886396430918
1520294400,0.004519959911704063,169034.0,23749666.6494,2203.142654423649
1520380800,0.0036906800232827663,194406.0,19392299.8676,1945.929331331887
1520467200,0.0034882400650531054,112871.0,18328599.6321,1950.884204095133
1520553600,0.0032602399587631226,83174.8984375,17130596.9958,1834.59393760106
1520640000,0.003213499905541539,107361.0,16885006.4553,1904.466948694387
1520726400,0.003508540103211999,83416.5,18435263.9019,1924.622705015474
1520812800,0.0031139699276536703,130914.0,16362036.2694,1777.494417756663
1520899200,0.0030064398888498545,89280.296875,15842016.3349,1722.922883052841
1520985600,0.0027110399678349495,101950.0,14285447.2281,1727.422873755938
1521072000,0.0041779400780797005,1890190.0,22015072.2204,2652.142886795857
1521158400,0.0038851499557495117,1133710.0,20558384.8889,2465.524586557779
1521244800,0.0030157500877976418,409643.0,15957929.3537,2015.686306207204
1521331200,0.003692799946293235,466462.0,19540559.2365,2376.134789311269
1521417600,0.003491929965093732,501694.0,18583592.3618,2153.206739646913
1521504000,0.002966569969430566,632945.0,15942193.8497,1788.552122329266
1521590400,0.003084419993683696,370262.0,16651696.0318,1864.843979954589
1521676800,0.0029757299926131964,138157.0,16064917.0453,1840.517675499225
1521763200,0.002972719958052039,131202.0,16048667.1166,1807.359204065765
1521849600,0.0028283100109547377,138287.0,15269048.4447,1761.519256614634
1521936000,0.003189950017258525,216630.0,17221415.2926,2027.057123780927
1522022400,0.0028541700448840857,154792.0,15408657.4666,1876.953112752556
1522108800,0.002622369909659028,210542.0,14201314.0936,1813.000720716732
1522195200,0.002692189998924732,105573.0,14614781.9064,1837.304550643407
1522281600,0.002245980082079768,119854.0,12192493.0507,1701.508437157382
1522368000,0.0022905399091541767,93533.8984375,12434390.7926,1804.564826120686
1522454400,0.002415450057014823,60511.1015625,13112475.3289,1880.320612045897
1522540800,0.002348640002310276,46436.80078125,12749791.5736,1862.851468478175
1522627200,0.0024031000211834908,53897.80078125,13045432.3058,1841.587687144118
1522713600,0.0023348999675363302,199459.0,12675202.8175,1699.977662039527
1522800000,0.0021292699966579676,84272.703125,11641016.5127,1698.465353686385
1522886400,0.002240590052679181,55437.3984375,12253982.0288,1799.02336871561
1522972800,0.0022153500467538834,57209.5,12115942.2686,1825.701579718758
1523059200,0.002212099963799119,74402.8984375,12098167.7353,1750.545450967909
1523145600,0.0022398000583052635,79436.796875,12377092.4161,1762.235319558307
1523232000,0.0021546499338001013,90258.796875,11906555.1274,1758.533012139888
1523318400,0.0021890299394726753,64632.1015625,12096538.3569,1769.855742285034
1523404800,0.0021875500679016113,95943.6015625,12088359.9049,1734.760133680345
1523491200,0.002480850089341402,86353.703125,13709130.1547,1737.699946872408
1523577600,0.002370300004258752,114465.0,13098232.9467,1658.849782490904
1523664000,0.0025494899600744247,41702.5,14088433.4959,1764.086596729467
1523750400,0.0026499200612306595,54849.6015625,14643407.7754,1758.101890966264
1523836800,0.0025241300463676453,71289.0,13948294.6157,1730.842235138388
1523923200,0.002482780022546649,75701.203125,13719795.2982,1736.224556739343
1524009600,0.002615869976580143,95569.703125,14457933.7463,1771.063323206019
1524096000,0.0031510600820183754,309646.0,17415933.0206,2099.743349192502
1524182400,0.0034718099050223827,228774.0,19188720.7543,2169.240058550703
1524268800,0.0034610300790518522,144130.0,19129139.6109,2150.409434716789
1524355200,0.0037703700363636017,223637.0,20838864.1863,2367.388730998625
1524441600,0.0045338901691138744,362205.0,25058845.1387,2805.862754496178
1524528000,0.004380359780043364,504086.0,24210283.6398,2496.549523151132
1524614400,0.0036507900804281235,418179.0,20177944.6003,2281.090004666997
1524700800,0.004382879938930273,261492.0,24224211.6993,2609.941525021234
1524787200,0.004026609938591719,283964.0,22464490.3677,2499.652363845982
1524873600,0.0043830000795423985,167049.0,24452793.1142,2615.695649637579
1524960000,0.004039399791508913,165772.0,22535845.8831,2392.574544074752
1525046400,0.003870750078931451,180787.0,21594946.1435,2336.973976813676
1525132800,0.003743479959666729,184021.0,20884905.7648,2290.261013149483
1525219200,0.0035171699710190296,282271.0,19624559.5144,2124.806895457339
1525305600,0.0037984999362379313,271492.0,21206855.4815,2176.431392761437
1525392000,0.003519830061122775,178214.0,19651053.3446,2025.725027285429
1525478400,0.003815100062638521,155872.0,21299532.5385,2160.603642646977
1525564800,0.003647519974038005,197363.0,20363940.8992,2109.201424225376
1525651200,0.00345636997371912,131863.0,19296759.005,2058.759424272228
1525737600,0.0033137600403279066,147363.0,18500573.7581,2003.348553470814
1525824000,0.0032521600369364023,139738.0,18156663.7153,1947.055618048818
1525910400,0.0031661400571465492,191681.0,17676417.9055,1954.503267175787
1525996800,0.0028817099519073963,132732.0,16088457.9464,1905.881377068164
1526083200,0.003524889936670661,240410.0,19679303.0981,2313.883755822101
1526169600,0.0037152799777686596,269934.0,20742241.9463,2377.624328452351
1526256000,0.003395230043679476,224291.0,18955417.1216,2174.588953020532
1526342400,0.0032146000303328037,135143.0,17948920.4163,2109.062339984439
1526428800,0.003261399921029806,121622.0,18210231.1472,2175.959076393245
1526515200,0.0031271399930119514,135100.0,17460582.0291,2157.142422479535
1526601600,0.00317008001729846,101452.0,17700340.2082,2145.243833992354
1526688000,0.0031120299827307463,105454.0,17376214.3978,2106.929450655341
1526774400,0.0030672301072627306,80893.703125,17126070.7922,2011.696124474176
1526860800,0.002962179947644472,66972.0,16539517.5383,1964.548626726986
1526947200,0.0027905700262635946,86452.5,15581322.3562,1937.546464921386
1527033600,0.0024914799723774195,162848.0,13911334.6105,1840.654941321073
1527120000,0.0026670999359339476,105320.0,14891919.8788,1962.733981305686
1527206400,0.0024299100041389465,98083.6015625,13567554.6596,1813.809148715171
1527292800,0.002437559887766838,44641.19921875,13610268.9137,1850.258733818507
1527379200,0.0023997800890356302,59576.1015625,13399321.9177,1818.527194754416
1527465600,0.0021035100799053907,89379.296875,11745079.8186,1645.894610442529
1527552000,0.002299079904332757,84635.8984375,12837057.1613,1717.883617380882
1527638400,0.002317389938980341,67346.703125,12939292.193,1747.013038120016
1527724800,0.0024228799156844616,99429.1015625,13528302.2143,1805.177026799549
1527811200,0.0023345600347965956,60942.3984375,13036260.1169,1728.615570676314
1527897600,0.002530819969251752,140996.0,14274546.4092,1867.554831625422
1527984000,0.0026305599603801966,64804.1015625,14837108.4479,1921.842582240372
1528070400,0.002618130063638091,491225.0,14766999.7038,1965.142974467432
1528156800,0.0025144999381154776,137598.0,14182496.9559,1857.864844808467
1528243200,0.0024077598936855793,119789.0,13580452.9213,1774.298412966565
1528329600,0.0024141999892890453,56166.5,13616776.3575,1773.424098292011
1528416000,0.0023855098988860846,442189.0,13454956.5772,1764.60275928374
1528502400,0.00242045009508729,400856.0,13652028.1395,1812.539396578199
1528588800,0.001985809998586774,57396.0,11200534.6112,1650.527918923385
1528675200,0.002013979945331812,215747.0,11359421.4433,1644.645145006491
1528761600,0.0017784100491553545,212746.0,10030739.4756,1523.880913361795
1528848000,0.0016598299844190478,162567.0,9361914.46502,1474.34234503266
1528934400,0.0018698100466281176,404609.0,10546261.5363,1579.883307117514
1529020800,0.0018618099857121706,63164.19921875,10501139.2553,1626.426991882718
1529107200,0.0018201799830421805,158334.0,10311525.3586,1574.238607126492
1529193600,0.0017478599911555648,154787.0,9901824.38731,1523.530173814159
1529280000,0.0017505900468677282,89587.796875,9918450.98826,1472.710808816913
1529366400,0.0018462400184944272,320522.0,10460382.4725,1545.119451361604
1529452800,0.0018222200451418757,171480.0,10324290.5305,1523.532822143787
1529539200,0.0018061399459838867,81993.0,10233184.8508,1520.592367570562
1529625600,0.0016504100058227777,76368.703125,9350853.53825,1537.034398919543
1529712000,0.0016628600424155593,42740.0,9421392.45074,1528.83032154943
1529798400,0.0015612200368195772,89942.0,8845522.96762,1432.886074223219
1529884800,0.001562239951454103,13317.5,8851302.05925,1416.39307779473
1529971200,0.0015389600303024054,30993.80078125,8719402.79157,1430.897392430058
1530057600,0.0014791199937462807,21713.400390625,8381464.9602,1361.262747063687
1530144000,0.0013686900492757559,17289.099609375,7755711.01491,1313.760246093925
1530230400,0.001319519942626357,35247.19921875,7477088.16343,1202.430202027619
1530316800,0.0013355700066313148,41868.5,7568035.83002,1181.764340757639
1530403200,0.0013852899428457022,44508.69921875,7849775.26821,1229.249845693135
1530489600,0.0015204199589788914,33688.3984375,8615492.28919,1302.580282044606
1530576000,0.0013851600233465433,34655.0,7849038.62045,1202.073138643571
1530662400,0.0014903000555932522,46026.0,8444816.66815,1279.993445319332
1530748800,0.0013265099842101336,24203.900390625,7516697.14719,1132.176632353037
1530835200,0.0014633300015702844,85153.203125,8291990.58914,1242.526453009611
1530921600,0.0016323999734595418,20583.30078125,9250029.34247,1349.006077706262
1531008000,0.001609180006198585,29556.69921875,9118452.71828,1346.121791255417
1531094400,0.0014800300123170018,36935.30078125,8386621.49457,1243.982739960544
1531180800,0.0013309100177139044,43547.0,7541629.84084,1191.42008303413
1531267200,0.0013780300505459309,37473.3984375,7836007.15237,1225.387182689519
1531353600,0.0013152400497347116,23588.30078125,7478959.12795,1200.702591151848
1531440000,0.0013772799866274,38206.6015625,7831742.3647,1255.479581685674
1531526400,0.0014025300042703748,11255.900390625,7975323.54986,1270.741819129873
1531612800,0.0014593199593946338,10141.7998046875,8298253.27286,1304.831728814285
1531699200,0.0015646499814465642,12744.0,8897200.0544,1319.718660346202
1531785600,0.001665520016103983,15646.5,9470785.56521,1293.640877132291
1531872000,0.0015837900573387742,43509.1015625,9006037.43595,1221.855939204439
1531958400,0.001557540032081306,34086.8984375,8856769.86721,1186.145470182279
1532044800,0.001471010036766529,25147.599609375,8364727.09681,1137.418845365074
1532131200,0.0015004000160843134,17910.30078125,8531849.90996,1149.957337240027
1532217600,0.0015377500094473362,9081.7197265625,8744236.33634,1178.70769766147
1532304000,0.0014480300014838576,36968.30078125,8234054.00235,1067.817537790519
1532390400,0.0014356899773702025,46619.6015625,8163884.02908,969.090562599324
1532476800,0.001620679977349937,179973.0,9215808.1275,1126.432796674625
1532563200,0.0015870999777689576,60244.3984375,9024859.36716,1134.979431339829
1532649600,0.0016065699746832252,40944.5,9136215.8833,1118.948613614052
1532736000,0.0016369899967685342,30891.099609375,9309207.83956,1136.355842738399
1532822400,0.0015946900239214301,97471.3984375,9068656.89447,1103.452094195748
1532908800,0.00151765,44053.9,8634088.3392,1055.450665684923
1532995200,0.00143871,53846.1,8184989.44717,1051.997371696863
1533081600,0.00143696,39725.0,8175033.4925,1072.148223932872
1533168000,0.00149361,52681.9,8497321.96772,1122.923592711981
1533254400,0.00142,37815.1,8078546.06903,1086.644093921835
1533340800,0.00139644,22515.9,7944510.47369,1129.63106159655
1533427200,0.0014221,35538.1,8090493.21463,1144.587750058502
1533513600,0.00179674,107888.0,10221863.9888,1470.392099554349
1533600000,0.00139734,117792.0,7949630.67894,1177.180701064098
1533686400,0.00113473,107296.0,6455611.6767,1023.756595156702
1533772800,0.00112751,61030.3,6414536.25232,976.599504757832
1533859200,0.00105584,25590.5,6006797.24051,971.234667473657
1533945600,0.00118308,36776.2,6730680.48123,1069.087479013912
1534032000,0.00113337,12411.0,6447874.47765,1019.796969759807
1534118400,0.00100196,22401.8,5700267.61924,905.155574098708
1534204800,0.000751713,67847.8,4347999.63034,701.324781104923
1534291200,0.000747645,67535.1,4324469.82243,685.499423570637
1534377600,0.000806217,58174.4,4663257.41071,736.139410857934
1534464000,0.000854371,34893.1,4941786.01697,750.958331180754
1534550400,0.000762271,44448.3,4409068.38942,686.36704185537
1534636800,0.000728457,9778.67,4213484.09129,647.62499332888
1534723200,0.000750072,25443.0,4338507.88629,687.720526381612
1534809600,0.000717227,45164.4,4266888.22853,657.582917893965
1534896000,0.000781038,17783.8,4646509.19198,728.669264954185
1534982400,0.000736809,27654.6,4383384.40797,670.766225709265
1535068800,0.000750423,9770.51,4464376.08333,664.347097039329
1535155200,0.000852327,21222.2,5070617.87015,749.735191385212
1535241600,0.000851591,19308.5,5066239.2986,755.339287035734
1535328000,0.000803695,43039.9,4781298.99575,694.485471312958
1535414400,0.00083755,47406.0,4982707.33785,702.159869816037
1535500800,0.00077663,40126.0,4620285.35585,655.625648817905
1535587200,0.000768267,26529.4,4570532.6468,654.971242744314
1535673600,0.000750197,18076.0,4463031.5763,634.173027887347
1535760000,0.000725799,19673.0,4317884.30912,600.268844115531
1535846400,0.000725801,8019.39,4317896.20741,593.712885084346
1535932800,0.000725343,13891.0,4315171.49849,594.373240305121
1536019200,0.000739316,32118.6,4398298.91731,597.46084714467
1536105600,0.000603636,24855.7,3591118.77093,528.664921343199
1536192000,0.000591871,41096.3,3521718.93775,539.380746323164
1536278400,0.000570387,48871.5,3393885.99838,524.796938168502
1536364800,0.000536044,11647.7,3189540.12998,512.29568115867
1536451200,0.000555127,14447.1,3303086.7685,524.225724140882
1536537600,0.000517047,35459.0,3076505.20402,486.043636450028
1536624000,0.000508744,19684.5,3027101.14074,478.879660514987
1536710400,0.000558298,26677.0,3377641.25579,531.761095004671
1536796800,0.000533178,15618.5,3225668.02941,494.941466988571
1536883200,0.000581976,16622.5,3520890.5414,540.618133358599
1536969600,0.000530215,22661.2,3207742.20657,490.240702780922
1537056000,0.00052853,8090.11,3197548.14261,490.633945602682
1537142400,0.000504762,15263.4,3053754.36695,486.175176979386
1537228800,0.000515105,11437.8,3117873.68993,489.364017207095
1537315200,0.000566261,8886.12,3427515.30956,535.668622535264
1537401600,0.000546995,2690.0,3310900.33881,507.831383332243
1537488000,0.000558631,18817.0,3381331.76203,502.056926668191
1537574400,0.000606368,9198.09,3670278.55217,546.013010837642
1537660800,0.000602867,17342.0,3649087.38573,543.779494580416
1537747200,0.000600644,33439.7,3635631.81218,551.236654549505
1537833600,0.000635115,9562.66,3844280.96908,596.336734850745
1537920000,0.000639562,28472.7,3871198.16907,596.028037482407
1538006400,0.000663827,8875.6,4018071.53486,601.802494146699
1538092800,0.000607704,14598.2,3678365.21265,553.627545935245
1538179200,0.000780931,241882.0,4726889.11688,715.984203287488
1538265600,0.000731429,141234.0,4461873.45395,673.43312877779
1538352000,0.000770181,44005.4,4698268.94837,712.98081638938
1538438400,0.000720202,51210.1,4396987.36094,670.669972554896
1538524800,0.000768898,12678.1,4694286.86376,721.911033980191
1538611200,0.000717488,17992.7,4380417.81004,666.054430741871
1538697600,0.000793375,14405.6,4843724.18778,731.404641810044
1538784000,0.000768189,10100.3,4689958.26701,711.86185167335
1538870400,0.000723635,12440.5,4417946.56074,669.088722119824
1538956800,0.000918939,101676.0,5610319.28331,843.374267276112
1539043200,0.0010457,109403.0,6384222.32004,961.095004365819
1539129600,0.00110918,75560.4,6773999.6672,1028.619738858882
1539216000,0.001054,164745.0,6442273.59656,1029.736923491135
1539302400,0.000991954,63600.6,6063035.16433,966.286029557917
1539388800,0.00101481,18146.0,6202735.92839,986.755834372229
1539475200,0.00105638,23587.2,6456820.66597,1026.369093555679
1539561600,0.00106264,40850.5,6495083.12585,984.622671672723
1539648000,0.00110879,13091.8,6777161.80373,1027.450955440981
1539734400,0.00118516,99045.2,7243951.58984,1106.88528908374
1539820800,0.00128597,69390.5,7860123.88706,1213.598433981682
1539907200,0.00132784,14701.7,8116042.28886,1255.302070367598
1539993600,0.00128849,20860.6,7875526.66644,1213.635107266382
1540080000,0.00126793,8356.14,7749859.54581,1195.530729284581
1540166400,0.00135803,21605.4,8300570.03068,1279.536999029905
1540252800,0.00112298,212835.0,7086943.64271,1094.381162543651
1540339200,0.00104122,89651.9,6609494.75626,1017.494779663198
1540425600,0.000904297,154505.0,5740329.88187,886.36116460109
1540512000,0.000848342,84678.7,5385136.6671,831.712636570444
1540598400,0.000834063,65442.4,5294495.90374,817.004698430167
1540684800,0.000836723,91466.2,5484346.94458,845.517934621119
1540771200,0.000756445,155831.0,4958160.37625,782.95470690376
1540857600,0.000763718,45651.3,5005831.65495,790.276144867172
1540944000,0.000819367,53970.7,5382987.96338,852.062637253554
1541030400,0.000821171,137363.0,5394839.68585,845.880558070873
1541116800,0.000824913,198127.0,5648163.52469,884.123250923577
1541203200,0.000759982,62424.4,5203582.21027,818.008803709768
1541289600,0.000784401,43280.8,5370778.63597,842.322432755269
1541376000,0.000831209,116180.0,5691272.1162,886.540235167641
1541462400,0.000832872,145851.0,5690845.78059,880.795436800031
1541548800,0.000774504,222640.0,5380464.46636342,823.946665263231
1541635200,0.000722443,41842.3,5018797.69565166,777.658931772663
1541721600,0.000751291,33049.9,5219204.19958921,817.340086462461
1541808000,0.00076677,33439.3,5326736.51636852,831.102055552184
1541894400,0.000755152,15668.5,5246026.49270149,818.250140955523
1541980800,0.000700132,20331.5,4863803.60561592,763.3967800608
1542067200,0.00058495,140265.0,4531193.68254626,712.511712307526
1542153600,0.000515629,73056.6,3994212.95382109,696.058587456295
1542240000,0.000510291,41684.0,3952863.24550853,699.862016976989
1542326400,0.000547423,28727.5,4240498.57129758,760.554217169739
1542412800,0.000541297,5197.54,4193044.78465038,754.914916373272
1542499200,0.000566755,33066.8,4390249.89409608,780.694577157123
1542585600,0.000481131,51780.4,3726981.36195771,765.062559289992
1542672000,0.000354022,103722.0,2742357.89363602,616.000656506442
1542758400,0.000366051,84218.6,2835538.04374688,616.13234347559
1542844800,0.000388074,33813.6,3006134.63913233,688.544683922539
1542931200,0.000382551,17944.2,2963351.86674374,681.681468942222
1543017600,0.000344843,7095.07,2671254.67658825,688.335534030361
1543104000,0.000325212,30723.9,2519187.2123912,628.232052052626
1543190400,0.000302122,23228.7,2340325.32311863,619.277338150545
1543276800,0.000297744,11419.9,2306412.05541679,603.660812868018
1543363200,0.00033808,23130.4,2618866.50174415,615.133071768525
1543449600,0.000348278011767,16311.8621810955,2697863.28179913,630.509461989662
1543536000,0.000324707662952,6775.43849884548,2515280.47019824,626.117314253951
1543622400,0.000339450740156,18780.7191846695,2629484.65566376,623.886382070733
1543708800,0.000342108147931,7778.66340111141,2650069.71305675,640.130357029788
1543795200,0.000309434926428,7922.71604606849,2396973.38881908,615.535878968273
1543881600,0.000292022559338,7593.15552511309,2262092.10365559,571.684118241896
1543968000,0.000276438344315,7917.00550841867,2141372.21877712,570.421472596532
1544054400,0.000275631892438,4410.44580317691,2132361.13747483,605.59476033448
1544140800,0.000272725508046,14146.3553553471,2109876.57999766,616.93612362843
1544227200,0.00027461229134,5410.86532749706,2124473.23401826,611.16487054706
1544313600,0.000283844263695,2852.16142400797,2195894.21109722,607.567507701435
1544400000,0.00026346438656,4730.33648461778,2038230.09754054,581.906319402641
1544486400,0.000255404758951,6123.27352679107,1975878.65592891,576.97057315776
1544572800,0.000277272619685,3872.89640541921,2145054.2008663,615.164508793051
1544659200,0.000295648752355,11359.1745903134,2287216.81549533,690.237215174426
1544745600,0.000260424921047,9698.76309039409,2014715.95549815,621.345783772307
1544832000,0.000254886491846,3597.16852324183,1971869.20475406,609.207585471363
1544918400,0.000257828192857,2043.68481577791,1994626.98054348,613.199497723297
1545004800,0.000258344898098,2600.28301580735,1998624.34872602,563.648726456533
1545091200,0.000300320535925,5754.36252149398,2323358.96679664,628.602399455092
1545177600,0.000325735441249,12687.1659590824,2519975.38529407,672.722313355852
1545264000,0.000373853434048,9083.60682605562,2892228.88334234,699.543940831555
1545350400,0.000383281252568,26288.6040369204,2965164.97686757,760.969877421426
1545436800,0.000390293221463,5157.5392911545,3019411.41977871,752.189217719978
1545523200,0.000391854604883,17687.2674646933,3031490.69420559,758.068778401126
1545609600,0.000441481567782,18162.7308534967,3415417.98339726,837.396430012276
1545696000,0.00038136134403,5780.18954568883,2950312.05745781,773.247328475348
1545782400,0.000384727688059,8756.0172919293,2976354.98376323,771.614976759924
1545868800,0.000362528159682,5903.00348027091,2804613.57036138,767.3677677942
1545955200,0.00039680074674,5292.87654857241,3069755.35366057,782.321966210853
1546041600,0.000361915524823,8936.66163048373,2799874.06532339,732.871766376791
1546128000,0.000353185030645,2784.69107191696,2732332.65703925,706.769611458123
1546214400,0.000361901885181,8576.01821630456,2799768.54545127,748.058052715067
1546300800,0.000380184006672,2358.5538513907,2941203.86477552,765.240295179313
1546387200,0.000362201406463,5821.89935225006,2802085.72117866,710.575853372759
1546473600,0.000401815676445,1556.80105919612,3108552.1740714,810.203461861973
1546560000,0.000360573673693,4475.05853815576,2789493.15066036,723.093128612357
1546646400,0.000380368491653,5004.60830013991,2942631.08930255,765.271240235528
1546732800,0.000400557544775,1970.0860764333,3098818.93525741,760.142097167635
1546819200,0.000361115801651,15180.2359740933,2793687.19569458,694.043457089061
1546905600,0.000353552015392,4070.61247801805,2735171.74794588,678.563192716727
1546992000,0.000350010683261,5754.77289961695,2707775.06747706,671.020335263942
1547078400,0.000305744133394,3947.52824928409,2365317.34894019,642.937696747414
1547164800,0.000329897800006,12314.7400327419,2552176.49172628,692.140336131742
1547251200,0.000324401064594,4712.97895031714,2509652.29514331,685.456203988966
1547337600,0.000283994116194,6868.46347441615,2197053.4726989,618.375058375518
1547424000,0.000320427087334,8836.7758702023,2478908.5577148,668.877390120944
1547510400,0.000297975728675,6901.24532509055,2305218.91875458,634.930663451379
1547596800,0.000317534129365,4603.94994455847,2456527.87096909,672.095675967467
1547683200,0.000314412724374,4390.28302127573,2432379.8577388,661.233961235453
1547769600,0.000296871292973,5264.38808798543,2296674.71253308,627.875190634001
1547856000,0.000312607045278,3552.41369985539,2418410.64745511,648.616114563153
1547942400,0.000295606776883,6072.52184671577,2286892.08216014,635.069916204354
1548028800,0.00029125949487,3607.19943555744,2253260.36058975,630.103234681593
1548115200,0.000275676023859,9521.55134646541,2132702.51396862,591.661738596572
1548201600,0.000291463305624,7242.38298660018,2254837.09439977,628.942795073473
1548288000,0.000294310256363,10279.1693411426,2276861.85706581,632.308069937026
1548374400,0.000297935104807,3909.54335472589,2304904.64178483,640.291894440898
1548460800,0.000297447841922,6802.99218688718,2301135.04744269,638.767850422233
1548547200,0.000297769157749,6070.91248596776,2303620.83152513,642.759762674167
1548633600,0.000316753085401,5037.3677846999,2450485.50862569,706.096556485411
1548720000,0.000281201966291,5471.49149133358,2175452.66377055,630.907806143225
1548806400,0.000280111671717,8901.90044068891,2167017.85704929,621.601080486094
1548892800,0.000282668605332,4087.13774566023,2186798.97066384,632.424113897837
1548979200,0.000283249753274,3985.04083629223,2191294.88459767,628.246531308601
1549065600,0.000317317666107,4223.61241843234,2454853.25404718,697.192116559096
1549152000,0.000277299992386,4712.22008003613,2145265.96330911,619.303410062016
1549238400,0.00030379671817,6136.09857867271,2347350.0514191,678.590842447714
1549324800,0.000287002883047,3018.33874662743,2217588.90726665,639.748656200393
1549411200,0.000293003561471,4441.4426031855,2263954.4272498,663.183776727173
1549497600,0.000277629964337,7829.59929411892,2145167.05442901,631.032923937218
1549584000,0.000296562414946,6086.68873350351,2291452.66665757,624.921093954798
1549670400,0.000308822405154,4968.41950301927,2386182.09236862,649.971097498424
1549756800,0.000304844123803,3744.13445630373,2355443.0541391,638.296034156529
1549843200,0.00031468151753,3149.86244064244,2431453.77212843,666.436722899864
1549929600,0.000275009997437,4877.94649083319,2124923.32212513,581.605140880902
1550016000,0.00029791569724,7731.89651924387,2301778.28381434,633.739892529026
1550102400,0.000296818009638,2421.7243327679,2293297.24871581,634.056669760004
1550188800,0.000299886138473,3103.38334970233,2317002.45253613,639.913185396122
1550275200,0.000292238847938,4180.20898667792,2257917.39106889,622.050040078568
1550361600,0.000268323600165,5549.92354199047,2073141.63575988,564.296142479639
1550448000,0.000291159909244,6391.63068820645,2249581.21516939,574.502550336254
1550534400,0.000385704682993,510.23107561705,2980060.03545214,755.003761801961
1550620800,0.000299104126728,13.5174567812972,2310831.44520669,577.730794059735
1550707200,0.000294443459619,2124.19459532955,2274823.8640712,575.304879440192
1550793600,0.000293593480671,3075.36910353955,2268257.06038886,566.281095122915
1550880000,0.000309516520605,3838.94458718899,2391275.96282022,577.251791810017
1550966400,0.000288136924606,4568.1016206598,2226100.56634288,584.21277611641
1551052800,0.00029783195155,4359.43880483751,2301002.81984705,592.633944700174
1551139200,0.000292614584245,1723.5661071521,2260694.26054538,586.530528937629
1551225600,0.000294941626548,2870.68425120533,2278672.62342163,591.699117728948
1551312000,0.000284498459793,4646.30283627985,2197990.3593921,570.198097390775
1551398400,0.000293759847137,3343.93305451711,2269542.38154195,588.029342428684
1551484800,0.000290033690098,6020.70451056688,2240754.6782438,579.839949127046
1551571200,0.00028478158899,7548.26124539254,2200177.77104248,571.897782793
1551657600,0.000268244999247,2857.34619330645,2072418.67927523,550.945297289183
1551744000,0.000292784698786,5383.89371460271,2262008.53873649,580.543000816147
1551830400,0.000284623505147,6299.07578646528,2198956.44013214,563.268016455329
1551916800,0.000303936706948,13335.4337316042,2348167.20000226,600.328884066618
1552003200,0.000308675715843,8348.73879139293,2384780.03745615,611.307306596458
1552089600,0.000307671924751,8387.96724981387,2377024.90533816,599.757171704051
1552176000,0.000312868782964,2908.90422730903,2417175.01462034,611.693598733327
1552262400,0.000306640473505,8293.33401089839,2369056.07522028,606.640897583073
1552348800,0.000316684328729,9537.49401765554,2446653.32115807,625.878245999187
1552435200,0.000323911817915,7096.31269894064,2501822.47371419,640.393753694484
1552521600,0.000321683137267,6166.24135101391,2484608.64259254,633.125680047408
1552608000,0.000334129661567,4486.93173631967,2580742.81396612,651.554610676448
1552694400,0.000345548040815,6015.26424855196,2668935.82279155,659.201149369973
1552780800,0.000352844200053,12824.4098282213,2725289.72574861,677.050796764657
1552867200,0.000381976728167,13182.1067003556,2950302.86056063,731.627001217633
1552953600,0.000389770386812,11441.3898006572,3010499.33772539,739.466634322609
1553040000,0.000408065867387,6042.33399547957,3151208.79102327,770.940802397158
1553126400,0.000410190035479,26907.9147259642,3167612.26335479,786.138297204662
1553212800,0.000419552631682,8661.88672035647,3239913.08001122,805.150610322587
1553299200,0.000426005634657,2763.46015615763,3289745.13245298,815.135549746421
1553385600,0.000403863655132,8115.85336835221,3118758.02937419,775.388849657892
1553472000,0.000404049985059,8909.02276294832,3120196.92576548,787.319809758295
1553558400,0.00039783131716,5486.59254242296,3072174.48008223,770.917635484343
1553644800,0.000420246067313,10003.4328350793,3244640.81436942,793.877036349333
1553731200,0.000434718650686,10323.8655694973,3356380.90750497,824.845212660055
1553817600,0.000433504648091,8475.51244862524,3347007.8218895,816.668872916087
1553904000,0.000419181031232,11022.5330290714,3236417.87117977,788.086427465504
1553990400,0.000470170504599,28875.3680692132,3630098.00112742,884.225976560764
1554076800,0.000487221449579,16860.0456538499,3761745.13909926,904.66296551476
1554163200,0.000609763118208,43555.41291576,4707866.3057691,964.754044105221
1554249600,0.000697861373,120022.05629549,5387199.44673326,1083.281494590806
1554336000,0.000639742390597,80364.7690042048,4938545.08361788,1003.19853080652
1554422400,0.00062350852404,24174.1043607994,4813226.38807487,955.638174157688
1554508800,0.000641395915425,14465.0592707726,4951309.60732302,978.557618872894
1554595200,0.000667506693644,15906.1814753386,5152873.95149997,991.148260277576
1554681600,0.000648818812019,22238.5071240807,5008611.28065171,946.845568051047
1554768000,0.000591515576694,17250.2268635093,4566254.14557803,877.292116759702
1554854400,0.000579315463595,25984.205250394,4471467.89842311,839.784555028632
1554940800,0.000505546480469,26541.9094450361,3902079.26532799,770.479810406781
1555027200,0.000518661562281,25585.9139525108,4003308.51086484,786.572960260503
1555113600,0.00056014425469,29165.2260241525,4323494.21123599,848.31353852425
1555200000,0.000559201803236,29390.6882837309,4316219.86472324,835.22289960247
1555286400,0.000508196077931,30678.9947933644,3922530.28163878,774.11524138093
1555372800,0.000520440201104,23187.2080716027,4017037.00060785,767.261180436037
1555459200,0.000477566880055,19448.397923356,3685656.00421157,701.774109076343
1555545600,0.000513269631309,30802.1351702964,3961194.49949211,747.624194657025
1555632000,0.000491464442574,23825.0293523186,3792911.42095269,715.125505820086
1555718400,0.000468515968006,26511.5635255096,3615804.95354167,677.386586700488
1555804800,0.000445345183397,27271.8651456473,3436982.7927448,646.716962041739
1555891200,0.000451720130777,20509.8716792627,3486181.89776842,645.667372471132
1555977600,0.000496241761179,37225.9327120838,3829780.71347675,687.280511917527
1556064000,0.00047482214106,25886.6952540565,3664159.29178129,670.491362334091
1556150400,0.000457837138917,27838.819901559,3533087.57451835,678.069367050754
1556236800,0.000463436594515,27594.3332398738,3576298.06426621,677.413429778946
1556323200,0.000459401008892,30068.2757507461,3545155.81692853,672.922188694323
1556409600,0.000462847871578,27220.831066901,3571754.942888,675.808312690282
1556496000,0.000437605157095,33214.6991878347,3376959.21028762,643.55163273544
1556582400,0.000450597363996,43799.7746224248,3477218.88969256,649.856347453886
1556668800,0.000445184145216,37243.6277533611,3435445.57253658,635.873308200735
1556755200,0.000456836867893,23086.4567969911,3525368.57397068,640.364549285357
1556841600,0.00049495951794,16599.2414940043,3819557.59827607,662.164817436655
1556928000,0.000483073762263,11909.4970753155,3727836.30236831,639.291898923221
1557014400,0.000478208829052,14459.7211937785,3690294.05509824,636.729885108627
1557100800,0.000471660661625,13486.7680976462,3639762.44242277,633.357595840621
1557187200,0.000447670409896,7721.58435489234,3454631.85102122,592.612315897661
1557273600,0.000429885677611,7588.17869244565,3316431.89885947,554.361719405527
1557360000,0.000439018881932,9705.78292659257,3386891.6785788,548.529418758827
1557446400,0.000574433855075,23984.2659899988,4431575.32333383,694.730383779481
1557532800,0.000501857825282,20579.6302465446,3871674.23140705,537.373986569503
1557619200,0.000450574312114,14986.5081701294,3476038.16392718,498.545985041934
1557705600,0.000426443185806,18166.4733010746,3289874.16449365,420.974843504144
1557792000,0.000446801492223,21661.3619126715,3446932.05296136,431.165940269079
1557878400,0.00045536782853,25730.6352264999,3512516.60197573,428.088314903007
1557964800,0.000485036711483,20633.3742191066,3741369.93197689,474.500931407591
1558051200,0.000419102101508,13811.0701336419,3232777.98131227,440.198636975833
1558137600,0.000435192272384,11041.7109008533,3356890.81667226,461.665532726583
1558224000,0.000435887151948,21216.9970778932,3362250.82643141,410.146525640973
1558310400,0.000440409689469,26401.0372176487,3397135.78564526,425.797381364389
1558396800,0.000446332770597,16552.7376149498,3442823.95132906,432.338497999904
1558483200,0.000389457831561,10868.9140480119,3004093.01388405,391.152890990715
1558569600,0.00044864287414,8731.75053553745,3460618.36407503,439.061599449468
1558656000,0.000460946177728,11685.0932792447,3555520.21316165,445.139857743703
1558742400,0.000441483423785,16605.4693975124,3405393.75937649,422.894049468861
1558828800,0.000455355442512,7346.20464587281,3512395.93308865,404.96781561632
1558915200,0.000409661962338,19646.3368665208,3159938.09697177,358.84864513252
1559001600,0.000444827390941,51779.398723671,3431187.53615518,393.490089294209
1559088000,0.000469551857502,11961.6198418339,3621900.34572999,418.258220490644
1559174400,0.000435865333527,5854.5253336285,3362058.47548252,404.119327783368
1559260800,0.000466265012352,9645.11837709564,3596547.1810157,419.446103456776
1559347200,0.000450207833911,8750.4211333519,3472689.72157277,405.500048893352
1559433600,0.000439238065731,10751.9660776627,3388074.13219977,387.519820360531
1559520000,0.00040538381464,7381.929951978,3126938.49452337,380.917042315016
1559606400,0.000387024879386,2507.37668925498,2985326.37462368,387.311555165171
1559692800,0.000410969667405,7101.10108982993,3170025.11368484,405.152940234417
1559779200,0.000398597685009,5385.45746065621,3074593.50884395,393.065845377733
1559865600,0.000403882103979,12993.0975658703,3115355.01066453,387.288414587908
1559952000,0.000400818204209,2970.56745920418,3091721.54088064,388.692276275156
1560038400,0.000358979190211,5086.25699731215,2768995.22888066,360.167658036471
1560124800,0.000397776098511,7341.82015417101,3068256.1802324,383.51650049415
1560211200,0.00040911305195,11967.2869157324,3155704.06255723,398.05649654064
1560297600,0.000449935335228,11040.3602920206,3470587.79596349,426.056595028044
1560384000,0.0004546979896,7402.5657284248,3507324.65311982,426.118303234078
1560470400,0.000641188735071,20142.4092735323,4945825.82121281,568.887951416826
1560556800,0.00040317716289,27890.0937570653,3109917.4294194,351.867904325053
1560643200,0.000404205612607,39222.8270880101,3117850.40279829,346.63813386377
1560729600,0.000412460049883,11203.9674000512,3181521.21731237,341.354368722207
1560816000,0.000403133476085,6997.07147623989,3109580.45012392,342.395694699011
1560902400,0.00039950785824,6426.19008830678,3081614.15350197,332.298689486887
1560988800,0.000407212044509,8155.02672849603,3141040.59270233,329.691517781999
1561075200,0.000450980959455,13930.5348933239,3478653.24536758,342.904787398783
1561161600,0.000427992209412,12698.8063293501,3301328.92985619,308.487035483961
1561248000,0.000414859062685,6144.00645701981,3200026.06434502,294.787813744669
1561334400,0.000419128305163,2284.67315399798,3232956.9761496,293.607644304291
1561420800,0.000402515973032,15434.6681259856,3104817.32442137,263.324342193671
1561507200,0.00039799990927,16488.6206993063,3069982.550286,235.856476983299
1561593600,0.000370677248871,16020.7149593316,2859228.50562762,255.680238171352
1561680000,0.000401777953878,31158.621210432,3099124.59466997,249.779390969461
1561766400,0.000429907547166,20521.7659965923,3316102.93694948,277.278110282848
1561852800,0.000374956969271,13415.2151491039,2892240.23915339,267.373943214576
1561939200,0.000388733271292,16845.6266314239,2992278.04965362,282.737221531182
1562025600,0.000434864983869,29241.6197126257,3347377.34557521,309.894035055507
1562112000,0.000446927277234,20112.5649718665,3440226.96337255,287.617442555677
1562198400,0.000424619399927,31850.76477476,3268511.86582444,291.427709759346
1562284800,0.000417054110796,27636.5960097181,3210277.98085047,292.412990975648
1562371200,0.00043250230122,30922.8306708205,3329190.57343347,297.023799167561
1562457600,0.000444796679136,34255.3016426821,3423826.66426749,299.002059109668
1562544000,0.000457987268966,23840.269852577,3525361.35482564,286.94006171947
1562630400,0.000430509219185,30620.4574938463,3313848.80553008,263.555027851301
1562716800,0.000394792965948,28987.5997953036,3038922.60684958,249.98431859864
1562803200,0.000363987776444,26303.1996102911,2801799.36792054,246.666692003123
1562889600,0.000370193743642,29470.0655486028,2849569.85939848,241.162972708936
1562976000,0.000372525427375,19445.4359281679,2867518.01708975,251.708560727169
1563062400,0.000366310394761,22894.1626146517,2819677.744486,274.924249386286
1563148800,0.000341717557593,37785.676880187,2630374.14669533,241.424688032016
1563235200,0.000283639686126,27325.0990541155,2183319.17920126,230.363366877124
1563321600,0.000251920236576,21957.6508271347,1935909.96978389,199.707768532386
1563408000,0.000299438705958,30594.060965634,2301071.10124279,215.730190318981
1563494400,0.000293553812994,37293.7953375693,2255847.96587676,214.216321210128
1563580800,0.000318020742143,34680.1959397147,2443866.89088779,226.972781721277
1563667200,0.000316795014504,31553.0953820204,2434447.64617434,229.685450733588
1563753600,0.000306700730675,25342.2691800575,2356876.96361231,227.871881648871
1563840000,0.000298571899482,21402.4857536519,2294410.02739827,231.737242876045
1563926400,0.000304579491816,41542.8766194478,2338301.72132129,238.314016483767
1564012800,0.000316063536881,66533.4731883156,2426466.4305836,244.801206224401
1564099200,0.000324903621987,79487.8248354085,2494333.06893387,252.708668275115
1564185600,0.000300496548346,83198.9173296505,2306956.3615696,243.411642504809
1564272000,0.000311347204428,93762.1297505508,2390258.45010724,250.213595297948
1564358400,0.000316657331293,68529.7163008081,2431025.07794167,255.380315647589
1564444800,0.000330101153665,60023.4789348692,2534235.28689617,263.779115146115
1564531200,0.00036989378741,66418.7302804013,2839729.21042682,281.55938903879
1564617600,0.000343812890754,73461.4074913631,2639502.3166832,253.806500385068
1564704000,0.000340796241138,74815.1832292029,2616343.05225716,248.747260102136
1564790400,0.000358038605588,83671.9045866839,2748715.22949305,253.99842907562
1564876800,0.000346651070486,77354.2943327023,2661291.44146369,242.59018770925
1564963200,0.000350041531802,83756.0435414528,2687320.51349348,227.627426993869
1565049600,0.000333738457737,116052.584359994,2562159.40720321,223.22074425881
1565136000,0.000334692693819,104517.509807381,2560698.19462874,214.431595389626
1565222400,0.000327561187841,108277.038050252,2506135.80106563,209.427910964435
1565308800,0.000307693159795,85814.3975710033,2354127.63211606,198.441227731142
1565395200,0.000289709647557,94539.0285559978,2216537.69313211,195.220201518596
1565481600,0.000290734202557,108535.440139396,2224376.45444137,193.032045944278
1565568000,0.000282805892374,105726.74351288,2163717.79667262,190.086451901925
1565654400,0.000259302075319,110171.890162483,1983892.59280316,182.075966285451
1565740800,0.000245615338891,93632.6700653858,1879176.82843546,186.94958551916
1565827200,0.000260622685937,59457.8704826002,1993996.4441503,193.37633615702
1565913600,0.000257041775113,44967.3359565827,1966599.2763857,189.566191136003
1566000000,0.000274272436271,46645.7903106065,2098429.23184751,205.089854283881
1566086400,0.000273918701905,48060.1990315553,2095722.84784474,202.565059390436
1566172800,0.000278927185208,50653.8476118316,2134042.22077601,195.495633688791
1566259200,0.000278672346479,61110.9188791824,2132092.47677106,198.089286624783
1566345600,0.000273415509601,34475.84655824,2091872.97705819,206.336949943369
1566432000,0.00026990877109,44092.2222201629,2065043.29376965,203.835107730774
1566518400,0.000246109329624,32907.2522297846,1882956.29898118,180.913030455742
1566604800,0.000251820568677,42316.4067831038,1926652.38139408,189.635049178551
1566691200,0.000239447405699,34357.3677259885,1831986.6277498,180.698805434481
1566777600,0.000260305526747,40442.3225312678,1991569.89292811,192.037429774132
1566864000,0.000255189156434,19237.9934485731,1952425.08796073,191.685488667773
1566950400,0.00023448841991,35731.0617029252,1794045.95503243,183.919831647027
1567036800,0.000224271572529,41142.6979127292,1715877.94262439,180.423373264287
1567123200,0.000213964761583,81883.0816954036,1637021.62855117,170.553720499002
1567209600,0.000202252674984,50795.9310251529,1547413.69995499,160.676416840101
1567296000,0.000209844513768,59986.9602998103,1605498.05084499,164.532467222817
1567382400,0.000221326494059,52545.4859428604,1693345.46055817,163.660265350536
1567468800,0.000229190773255,57589.7419892299,1753514.22405722,165.060378882356
1567555200,0.000231495267897,69679.7747874589,1771145.66740295,167.179676414126
1567641600,0.000225575582809,21150.5302972617,1725854.78655149,163.19356083993
1567728000,0.000212869210488,44770.4601260632,1628639.68367188,157.310023648842
1567814400,0.000217380637651,27460.3709839008,1663156.13295458,158.136320159424
1567900800,0.000215395854969,39995.8233176752,1647970.77180273,157.830284414764
1567987200,0.000219998548568,49638.6048257702,1683185.49087802,162.86457241442
1568073600,0.000225945022482,42180.1268071947,1728681.33018732,170.882708924511
1568160000,0.00021711953493,34132.3311360033,1661158.46381323,163.201211733546
1568246400,0.000224925777406,25831.5558196384,1720883.19454171,165.305207478084
1568332800,0.000228953667359,38951.7763433842,1751700.15207108,169.077098031018
1568419200,0.000264109772112,190557.707148975,2020675.76950679,195.0824854335
1568505600,0.000284509443369,124054.127664841,2176751.48410565,210.361319985648
1568592000,0.00027368547134,172520.45609724,2093938.42560381,203.750947900993
1568678400,0.000250049082135,125983.5222439,1913098.92631818,186.804218540447
1568764800,0.000247391029732,117981.905264897,1892762.45015575,185.59537734904
1568851200,0.000258197158741,102625.023343385,1975438.99360977,192.419974454957
1568937600,0.000260188920713,188483.088868237,1990677.75256693,195.518586369639
1569024000,0.000248324725067,110821.354580997,1899906.05383405,189.619747391318
1569110400,0.000238337277082,85899.1777557726,1823493.1518005,181.073699221689
1569196800,0.00023621557924,60021.1688894231,1807260.267325,185.756046114986
1569283200,0.000219078420978,47814.9643788462,1676145.69257333,194.432159476097
1569369600,0.000221866506272,78700.4539006276,1697477.03655145,200.009660922525
1569456000,0.00022056791109,32147.3757867326,1687541.62296307,207.851826879437
1569542400,0.000229152014458,83307.9265140783,1753217.68462467,212.465315730186
1569628800,0.000230632899891,118136.035817205,1764547.78153077,213.987843559868
1569715200,0.000227378714041,53668.242004986,1739650.35178411,214.661122198121
1569801600,0.000230894716998,65990.0497287669,1766550.91636341,212.993227389724
1569888000,0.000232220900961,35211.1147299142,1776697.40878023,212.947322028025
1569974400,0.000233850572893,43945.31559769,1789165.85536176,213.169197942904
1570060800,0.000224907179667,108500.805148201,1720740.90521911,208.318531390043
1570147200,0.000221624943883,53909.9794730581,1695628.86841146,206.635334794413
1570233600,0.000224158530101,22211.7892146993,1715013.06703361,210.391923560115
1570320000,0.000213019389544,44042.0501054727,1629788.68765277,204.026380071187
1570406400,0.000216737189779,51605.6909911344,1658233.18173815,201.103738709684
1570492800,0.000214052363325,60628.6685394603,1637691.86015983,199.022695645996
1570579200,0.000229339677983,61812.0012972113,1754653.47829014,204.133492581818
1570665600,0.000227435376548,49499.9070965986,1740083.87059721,202.656870113834
1570752000,0.000223466215906,35070.417518201,1709716.24477847,205.449446283856
1570838400,0.000213782565593,25864.5128222839,1635627.66641433,196.199515901508
1570924800,0.000222652472349,40544.04220169,1703490.37939275,204.722611390288
1571011200,0.000213206824604,61566.8791156764,1631222.73335683,194.776449688839
1571097600,0.000208823386289,57523.598419697,1597685.51313428,194.715242539907
1571184000,0.000202901370193,23997.2316901218,1552376.79798858,192.901980752796
1571270400,0.000200965758755,68496.1357901724,1537567.64079357,189.734510795566
1571356800,0.000193606830823,28703.7470120315,1481265.26605435,185.778998795836
1571443200,0.000187014094977,63491.831339254,1430824.94545492,179.107419562248
1571529600,0.000188988889785,28046.3918821393,1445933.89044535,175.863440668853
1571616000,0.000190153696743,33956.946426194,1454845.70456476,176.475512158173
1571702400,0.000180359111628,39296.6197074795,1379908.37583215,170.82150177558
1571788800,0.000175323726295,16343.3455101465,1341383.17833129,178.502998966546
1571875200,0.000177085207172,12424.5714937782,1354860.08112871,180.805917945111
1571961600,0.000202088181014,12232.9175195103,1546155.17408997,178.525951647395
1572048000,0.000204843095362,40604.5952720915,1567232.73068908,169.520849860775
1572134400,0.000210985965049,61301.3866122449,1614231.17316434,169.000589094853
1572220800,0.000202179241243,44562.4368156464,1546851.86621474,167.118469265194
1572307200,0.00276072419331,207709.359723345,21122007.1075107,2240.426479506727
1572393600,0.00295118799426,141967.218551168,22579225.3863732,2452.738777364578
1572480000,0.00339090832297,208252.612821906,25943478.8423455,2820.073481679941
1572566400,0.000215961176277,60998.9416484478,1652295.98498938,178.411188243147
1572652800,0.000229987213039,84319.7668664433,1759607.70011655,188.701640157339
1572739200,0.000225124990167,47286.0971187355,1722407.35018317,186.498182795787
1572825600,0.00022293152167,49373.9040232929,1705625.35606148,181.20376441317
1572912000,0.00022293696561,29341.9608376803,1705667.00706727,182.573274370522
1572998400,0.000221989434829,32525.3321586269,1698417.54986348,181.440942115281
1573084800,0.000215326518958,49089.0550155305,1647440.28935878,177.760862285745
1573171200,0.000210622623417,49197.2769733199,1611451.28499146,183.01702620028
1573257600,0.000212730663012,47919.1657874056,1627579.67167217,184.669619221443
1573344000,0.00023748004999,63976.1221675419,1816934.59851443,200.644685092695
1573430400,0.000225613630088,52139.6177948,1726145.88223551,197.094670454638
1573516800,0.000219906567463,50452.8978170665,1682481.75322894,190.851541263575
1573603200,0.000221357605411,23547.1631047595,1693583.49020259,192.274607476244
1573689600,0.000217387859423,33008.3798723769,1663211.38596388,190.996908242289
1573776000,0.000205775490597,42439.6830665095,1574366.3874406,185.396454115011
1573862400,0.000214259534102,52169.8806161529,1639276.90173511,191.708441348623
1573948800,0.000217869475344,43918.3189987275,1666896.17813946,194.325046965466
1574035200,0.000209717135658,56287.3059492054,1604523.49447631,193.100903986826
1574121600,0.000204892700519,42038.260307568,1567612.25446812,191.027511816755
1574208000,0.000202710636653,61409.529853512,1550917.51596495,193.208016497457
1574294400,0.000192711795878,54320.3625663615,1474417.44890711,192.91728254003
1574380800,0.000178206752775,33016.9588916176,1363440.90722332,186.857774795763
1574467200,0.000176796113631,31238.0307345591,1352648.2572013,182.8410556471
1574553600,0.000164769868728,19684.2825044219,1260636.73684248,178.870241860137
1574640000,0.00016947573316,11716.0183717419,1296640.80498538,181.448593008897
1574726400,0.000170700898988,38846.2314772692,1306014.41839798,180.928332242975
1574812800,0.000178607587266,60825.3501766265,1366507.64927178,181.433291221664
1574899200,0.000179119144793,67952.2004153142,1370421.52148958,183.6290976896
1574985600,0.000182033557689,42870.7557904768,1392719.38451143,179.444058881375
1575072000,0.000177211384681,35632.6248145124,1355825.45182686,179.115070455864
1575158400,0.000176812296036,66950.5747116345,1352772.06706042,182.206031476931
1575244800,0.000177992501731,42798.6048204372,1361801.69527845,185.985572923482
1575331200,0.000192243084037,69475.2543989968,1470831.38447482,200.927768156504
1575417600,0.000198318234667,64388.4180465188,1517311.71564916,209.228987730406
1575504000,0.000193408298653,17634.9065274596,1479746.31754223,198.670754539638
1575590400,0.000182691941795,32711.5515732311,1397756.61126523,185.205181774599
1575676800,0.000186254610227,27549.3780167737,1425014.20842932,188.586876753091
1575763200,0.00019130329672,19398.3291931519,1463641.17169032,193.491099561267
1575849600,0.000179376499996,43606.8401124656,1372390.51876938,185.434708583093
1575936000,0.000169490727307,23765.2834053219,1296755.52360895,178.174010541036
1576022400,0.000172691217789,69520.8645365522,1321242.13580735,183.062931561979
1576108800,0.000173161064761,32385.6250129912,1324836.88500616,182.909913689649
1576195200,0.000170078848804,54621.8692175808,1301255.17861607,179.000307051617
1576281600,0.000163939849573,76078.1662591945,1254286.34858792,176.047062115649
1576368000,0.000164122216122,52178.2250417964,1255681.61565353,175.56505581781
1576454400,0.000151501516572,35942.6024508359,1159121.98603068,167.202629094976
1576540800,0.000148164185281,42364.2978097103,1133588.41936022,170.706738371332
1576627200,0.000177065098196,26583.2100643978,1354706.2294926,186.169194370278
1576713600,0.000158919521031,33519.8850019837,1215876.3489932,168.801665860823
1576800000,0.000160164871755,34559.8864639922,1225404.39489776,169.75037666927
1576886400,0.000165680291222,36070.9560703641,1267602.28249014,176.268938030527
1576972800,0.000178060047726,39787.301652414,1362318.48250041,181.364433179115
1577059200,0.00018278358468,39611.1659169481,1398457.76122907,190.117055476391
1577145600,0.000182018532691,42607.0183058584,1392604.42985014,190.178262625323
1577232000,0.000176950440273,28643.3130707478,1353828.99392144,186.092685434113
1577318400,0.000179353598464,20997.4739961101,1372215.3015844,189.558540242387
1577404800,0.000178921134196,51000.6661331638,1368906.56347699,187.775882029742
1577491200,0.000168469654653,38348.9944248887,1288943.40535848,176.13122194543
1577577600,0.000166505168083,58228.852197459,1273913.32760037,171.624845605313
1577664000,0.000162769140996,66183.2353823427,1245329.38180937,170.760294626648
1577750400,0.000161709967684,44980.3136968679,1237225.75947782,171.992088498904
1577836800,0.000159846698093,34378.3413062624,1222970.08205822,169.849838286284
1577923200,0.000153220353273,40566.5400194596,1172272.62277416,167.814700584295
1578009600,0.000160453112224,49912.2178478712,1227609.69206205,167.141421946044
1578096000,0.000159877207904,69157.7711776438,1223203.50937645,165.060378882357
1578182400,0.000157668126813,85006.6465728886,1206302.06495898,162.765110797406
1578268800,0.000166345029394,107641.541673743,1272688.12352694,163.813283222866
1578355200,0.00017447062424,62386.1068670896,1334856.18526446,163.514898371823
1578441600,0.000168838941198,65076.7545961256,1291768.77742828,159.87307301037
1578528000,0.000171784110794,99762.5831605558,1314301.95668982,166.812433520534
1578614400,0.000177498604016,47718.9379841446,1358022.93640355,166.292172754612
1578700800,0.000169561112235,38874.5753659621,1297294.03120528,161.403251733669
1578787200,0.000174087045174,28303.9003932004,1331921.46263698,162.58148935061
1578873600,0.000176333537569,22792.6773208264,1349109.1369614,165.649497690826
1578960000,0.000181814731523,43522.1752641293,1391045.16879485,157.577804925419
1579046400,0.000186816606322,42925.8973439467,1429313.98076505,162.290755393183
1579132800,0.000178965230707,27468.6044877814,1369243.94119151,156.958082542483
1579219200,0.00018854481559,25731.6299109167,1442536.32602157,161.556269605999
1579305600,0.000180082913414,39386.3889316421,1377795.21267977,154.066044755447
1579392000,0.000177086183469,36662.4631972893,1354867.5506732,155.619176159596
1579478400,0.000178476817341,13727.4388004342,1365507.14248737,157.723171904133
1579564800,0.000174328759328,46536.129191001,1333770.79191484,152.505262457681
1579651200,0.000172597559391,24684.8687369112,1320525.56536796,152.122717776856
1579737600,0.000164480970768,15751.0594078822,1258426.4092845,149.697384500425
1579824000,0.000138651341814,44474.3173747705,1060806.6660038,125.60472050207
1579910400,0.000138162450256,34723.9016189164,1057066.20870353,126.32390450202
1579996800,0.000141285039373,26757.1793136582,1080956.80584574,125.742436587166
1580083200,0.00015271634769,47989.6327982473,1168416.52967651,131.136316586798
1580169600,0.000169150162145,49826.8690829863,1294149.895785,138.282251224608
1580256000,0.000152348501231,22540.7493940685,1165602.17555149,125.107412416996
1580342400,0.000161716502902,10932.7920285777,1237275.7597355,130.118747735803
1580428800,0.000162842365932,14492.0850614877,1245889.61800478,133.240312331335
1580515200,0.000168028203903,16759.8896853264,1285565.91263331,136.866835905556
1580601600,0.000172669438392,8963.73196908033,1321075.50395787,141.373212245674
1580688000,0.000182705607127,4016.1358712834,1397861.16326659,150.408917606759
1580774400,0.000168491121542,10609.1847174067,1289107.6462425,140.409199649996
1580860800,0.000179372171545,8793.88806214868,1372357.40225126,142.758023990261
1580947200,0.000169924318487,40547.2422990343,1300072.88360018,133.615206118544
1581033600,0.000175152415703,17281.4404117943,1340072.49921651,136.797977863007
1581120000,0.000176790629574,29166.1788262069,1352606.29926461,137.111664501284
1581206400,0.000180692979437,26735.1747022696,1382462.76292078,136.652610884294
1581292800,0.000181077769222,31186.8935779444,1385406.74863053,140.554566628708
1581379200,0.000173888360577,25032.2567986356,1330401.3479221,130.325321863449
1581465600,0.000175777873132,14700.6309864164,1344857.80746744,130.241162033667
1581552000,0.000197023468302,3952.92566149292,1507405.59593232,147.578086968655
1581638400,0.00021101726681,3781.52957506043,1614470.65960776,156.560236074425
1581724800,0.0001941389153,3434.82013529498,1485336.18778287,150.194692585498
1581811200,0.000184606531113,3774.72297671994,1412404.93045653,142.16890518179
1581897600,0.000190829681649,4371.92993090484,1460017.59316693,150.669047989721
1581984000,0.000185195921493,5723.62937996984,1416914.2935525,139.705317437277
1582070400,0.000191537092188,2516.4320873707,1465429.91594401,152.122717776856
1582156800,0.000192926872623,3218.18956546919,1476062.97820248,153.622292925689
1582243200,0.000259353296379,3113.20647127773,1984284.47968414,204.852676581769
1582329600,0.000193895749966,2781.3619508206,1483475.75568121,153.515180415058
1582416000,0.000201276962058,3225.57779741996,1539948.62415792,155.167773436222
1582502400,0.000171522005801,8702.99266299491,1312296.61927203,135.986983139659
1582588800,0.000193104548212,2151.78490734522,1477422.35523217,158.151621946657
1582675200,0.000164734158246,3481.82851415655,1260363.51974371,142.888089181741
1582761600,0.000178323212148,2124.76650452463,1364331.92549678,155.313140414935
1582848000,0.000131343172863,15366.1733348753,1004892.64282829,115.872783821882
1582934400,0.000143994816719,3649.49912178643,1101689.02404438,128.11421360828
1583020800,0.000161476342996,1973.98687994347,1235438.32184375,144.288202713561
1583107200,0.000150477349188,2797.73992907643,1151286.19033021,129.797410203911
1583193600,0.000150485928581,2665.24632979332,1151351.83035334,131.013902288934
1583280000,0.000173486045043,1499.83337211727,1327323.2745712,151.602457010934
1583366400,0.000150853155702,9869.84455463966,1154161.44598921,127.127248331753
1583452800,0.000156701592312,22398.5163040744,1198907.21231516,131.419399650609
1583539200,0.000160302940437,7828.44181461884,1226460.74369551,137.647227054439
1583625600,0.00013549346818,13405.1892218553,1036646.11077571,127.854083225319
1583712000,0.000126216073053,12233.8943433026,965665.747620807,121.871084417217
1583798400,0.000116505515727,12073.2403687229,891371.306562663,112.690012077418
1583884800,0.00013079740949,5624.08960579763,1000717.06532169,126.492224161583
1583971200,8.04948055741e-05,7150.00650698852,615857.194128234,123.89857122559
1584057600,8.98861688931e-05,8641.64681913652,687709.515795797,123.607837268163
1584144000,9.34127767652e-05,6549.22403764086,714691.217452343,137.433002033177
1584230400,8.96578124455e-05,8696.39294989315,685962.384908567,127.211408161534
1584316800,8.76875650561e-05,7304.28716003021,670888.231734083,133.791176671723
1584403200,7.67280338463e-05,11240.0574786744,587038.024361199,112.338070971059
1584489600,8.45042836073e-05,5678.46460021819,646533.284017938,123.424215821367
1584576000,8.75162377014e-05,10565.3504302402,669577.424369677,108.153032162834
1584662400,9.32024447721e-05,8975.88939191432,713081.989748988,115.038836417683
1584748800,9.17325720806e-05,7946.96701972017,701836.150156524,113.470403226301
1584835200,8.41576078185e-05,7894.53248046118,643880.904438413,110.440649354167
1584921600,9.33798158592e-05,6436.91275044185,714439.037067033,111.343454800914
1585008000,9.83754657392e-05,7153.42022955083,752660.222844191,111.756603056205
1585094400,0.000105199807347,4133.06866056755,804872.534488118,120.470970885398
1585180800,9.81348461107e-05,7199.25302254589,750819.267664496,111.787206630671
1585267200,9.30234793826e-05,7682.40068195135,711712.744592889,110.004548418027
1585353600,9.39315869259e-05,7442.37619345568,718660.578799017,115.130647141081
1585440000,8.86360397742e-05,20552.3664830885,678144.910900205,114.510924758145
1585526400,9.95850668609e-05,12956.6804633401,761914.752344716,118.497040332341
1585612800,9.41439298823e-05,17077.2651617761,720285.192168647,111.871366460453
1585699200,9.57696513928e-05,30048.8971116473,732723.414495537,110.907353864774
1585785600,0.000105195275165,16883.5040938733,804837.859245786,118.466436757875
1585872000,0.000102158192082,39388.9471453786,781601.459673283,116.079357949527
1585958400,0.000109845486378,8351.7909629782,840416.130530701,122.376043395906
1586044800,0.000100300709083,18153.8473090526,767390.054853478,112.996047822078
1586131200,0.000121653201551,5229.74154100273,930755.703173249,127.991799310417
1586217600,9.76382422835e-05,17514.1427961308,747019.804613042,104.090407652473
1586304000,0.000104999250503,26728.3543041258,803338.095410614,109.537843907421
1586390400,0.000114565156019,6653.78924814337,876525.820859013,120.034869949257
1586476800,0.00010095167707,31287.3424044458,772370.541669762,112.498739737006
1586563200,0.000105357953659,7667.61731809558,806082.495097072,117.517725949429
1586649600,0.0001000725978,13112.2003280575,765644.799694522,109.828577864847
1586736000,9.78744432477e-05,20995.9637179573,748826.953062251,109.400127822323
1586822400,0.000112469641232,4719.6541946706,860493.260151875,125.757738374399
1586908800,0.000102024969496,12654.4930524114,780582.187840482,117.517725949429
1586995200,0.000115511474254,22516.5036284323,883766.001002352,124.1816542894
1587081600,0.000117965199467,16265.4470864958,902539.191571137,127.188455480684
1587168000,0.000126566458728,10216.9106387659,968346.511144977,133.423933778131
1587254400,0.00011921203098,18869.4751550859,912078.566834799,126.867117948791
1587340800,0.00011053152963,18026.3016810358,845664.97446807,122.881002374595
1587427200,0.00011963276743,4416.53777155645,915297.576654332,133.03373820369
1587513600,0.000108698315131,25631.2166086181,831639.245359997,116.852098204794
1587600000,0.000114495180715,11541.8321757631,875990.447252327,117.900270630254
1587686400,0.000114245764616,11775.6224014548,874082.191212636,115.758020417634
1587772800,0.000150166408627,50198.8577117338,1148907.21717694,151.770776670497
1587859200,0.00017904655626,59943.6549764964,1369866.15434582,178.372933775065
1587945600,0.000167834320048,36452.0601937605,1284082.52788474,164.716088669613
1588032000,0.000171867328268,21512.2770893429,1314938.64473043,168.426772073615
1588118400,0.000148612436766,27660.5587234422,1137017.9437854,129.192989608208
1588204800,0.000144572980307,27344.1261432921,1106112.49214911,127.746970714689
1588291200,0.000179759475633,10142.6379326412,1375320.62462578,155.144820755373
1588377600,0.00018640174912,2332.96408683348,1426139.95244651,158.664231818962
1588464000,0.000186375901238,3081.92971449981,1425942.19305112,160.263268584811
1588550400,0.000165509700516,7747.3534741262,1266297.11114658,142.077094458393
1588636800,0.000157242981366,14631.222049807,1203049.32237245,133.622857012161
1588723200,0.000149900677808,21618.8115946263,1146874.13895015,123.737902459644
1588809600,0.000152486491708,33204.4582048494,1166657.92601111,117.234642885619
1588896000,0.000147609028372,23752.4923088557,1129340.972909,114.74045156664
1588982400,0.000146724523674,24350.203527179,1122573.72156131,117.012766970741
1589068800,0.000130235951069,27416.6762324621,996421.406672527,113.791740758194
1589155200,0.000137132534722,24523.048231948,1049186.43451892,121.970546034232
1589241600,0.000144057703971,13198.8518083976,1102170.16771927,125.183921353162
1589328000,0.000164527769448,25002.0143335761,1258784.46100657,135.788059905629
1589414400,0.00016413454582,11270.3205645836,1255775.94886125,129.009368161411
1589500800,0.000156354887779,27226.3357649327,1196254.61281682,128.244278799762
1589587200,0.000148717448251,28362.0206863842,1137821.37548564,121.343172757679
1589673600,0.000153468092781,24754.8528699368,1174168.05139448,121.412030800228
1589760000,0.000154734075802,28694.1283603447,1183853.95280844,121.710415651271
1589846400,0.000156165431777,30315.2564808895,1194805.10510051,122.804493438431
1589932800,0.000156904475886,43989.5264216531,1200459.45295637,126.056123225443
1590019200,0.000150990816243,26520.7638813363,1155214.67214359,127.203757267918
1590105600,0.000153503017342,39979.7242133152,1174435.25549529,127.899988587019
1590192000,0.000155866153357,34864.4331797076,1192515.35774737,129.49137445925
1590278400,0.000150256933082,23539.8937060939,1149599.81015184,130.776724586823
1590364800,0.000150001825011,32069.1412649944,1147648.0054399,128.848699395464
1590451200,0.000152950491451,28049.8307347088,1170207.93868289,132.452270288836
1590537600,0.000155455712871,23736.316992121,1189375.12125308,129.544930714566
1590624000,0.000160280365717,35938.7499940114,1226288.02691437,128.733935991217
1590710400,0.00015804213892,38771.727008214,1209163.59180092,128.098911821047
1590796800,0.000169388192952,39854.9318028099,1295971.04416681,133.599904331311
1590883200,0.000171521350838,45153.0601253296,1312291.60821979,138.703050373516
1590969600,0.000195853882374,51558.9532152169,1498457.21842184,147.379163734626
1591056000,0.000256665322736,129870.155687898,1963719.07929759,206.061517773175
1591142400,0.000225149752489,75458.2361111905,1722596.80407449,178.380584668681
1591228800,0.000221180417035,42001.7624297215,1692227.84078773,172.665367137156
1591315200,0.00024214289666,46895.1739226271,1852609.54233664,191.67018688054
1591401600,0.000239923545812,55391.6587957774,1835629.52510091,190.147659050857
1591488000,0.000243625841635,45925.8333979296,1863955.39657949,191.004559135905
1591574400,0.000261965642372,48078.2953535673,2004271.26096607,205.112806964729
1591660800,0.000262126773567,56885.5449305526,2005504.05859732,204.730262283905
1591747200,0.00029205407617,62418.4895152951,2234474.66704165,226.389942112214
1591833600,0.000285989452118,55069.0736846989,2180806.33018567,233.949670921745
1591920000,0.000294794806328,41240.4015867074,2247951.36668433,237.106618893114
1592006400,0.000292561174639,39681.8038088962,2230918.85695154,235.444264647321
1592092800,0.000316680699035,50507.7446121554,2414841.76422773,257.260757753812
1592179200,0.000324254040117,46921.0422335657,2472592.11148692,261.630156757663
1592265600,0.000314597426468,28089.72313946,2398955.81470067,251.51114719726
1592352000,0.000265784570374,50956.7201658266,2026734.44508067,213.787906582858
1592438400,0.000257861984029,9392.35328081696,1966320.93568491,208.922851496545
1592524800,0.000248887723875,13096.1961861194,1897887.91059382,204.339939103325
1592611200,0.000253375368289,11306.578067153,1932108.34520494,207.031732904999
1592697600,0.000258973756309,9192.09398635037,1974798.7309602,212.262810944515
1592784000,0.000248732666006,14142.5134324171,1896705.52019531,196.577202304161
1592870400,0.000242201140455,15441.4990665002,1846899.51454755,191.796027477958
1592956800,0.000211796541239,13175.5061502013,1615049.90629817,173.410999557738
1593043200,0.000204402346044,9060.41899384618,1558665.63209343,168.233299865565
1593129600,0.000260513205477,24613.6495804148,1986537.76701803,216.799970468583
1593216000,0.00024607235601,13223.1744377627,1876419.38433762,207.443508727352
1593302400,0.000248436799455,14589.3704616146,1894449.396263,207.191867947025
1593388800,0.000227999056706,11622.9995832278,1738601.83464267,189.165237501817
1593475200,0.000223149139147,8110.87267351935,1701618.89406491,186.214177441624
1593561600,0.000240730967793,3283.63615533906,1835688.74497541,198.918224109017
1593648000,0.000258897044813,1755.26375078923,1974213.7691204,216.388194646232
1593734400,0.000292480444949,935.116842537103,2230303.25446103,245.433641078465
1593820800,0.000260105437303,2927.2167277662,1983428.33969992,217.181244378169
1593907200,0.000298039195644,981.241761944652,2272691.38665892,250.466456684996
1593993600,0.000292916996152,1187.28352380928,2233632.16613907,238.24281514368
1594080000,0.000260195539249,3124.01931795277,1984115.41012418,214.443697707345
1594166400,0.000294566723145,2049.27221036751,2246212.12334647,238.24281514368
1594252800,0.000259282741222,2165.46942293573,1977154.88867585,213.101613545603
1594339200,0.00025372922663,3848.10825745942,1934806.68426719,208.518701152383
1594425600,0.000245537848104,11793.1254816402,1872343.50595712,202.62420651019
1594512000,0.000264970994292,11735.889270303,2020530.53841008,217.814159068082
1594598400,0.000246821423528,14542.9260111565,1882131.38236025,203.615518675113
1594684800,0.000219017440877,13633.5495599977,1670112.71901229,180.685705752633
1594771200,0.000216528288381,10586.1232955452,1651131.74093819,179.610513327601
1594857600,0.000216038263089,9784.39942965343,1647395.06376066,180.395937581347
1594944000,0.000231004387022,12565.7083527068,1761518.91542622,192.489945993404
1595030400,0.000219436018704,6905.28599319447,1673304.57510361,182.691206517053
1595116800,0.00022860335281,8923.92903463621,1743209.88140506,189.775275757154
1595203200,0.000222289672898,11054.8371681304,1695065.05292665,184.963599018183
1595289600,0.000239047077376,10608.1972776038,1822848.27532335,194.442068410483
1595376000,0.000236436037334,11258.5442850752,1802937.84642539,189.279619674693
1595462400,0.000264488609245,14093.4231170149,2016852.12175417,210.501325482229
1595548800,0.000263255921065,15360.625358364,2007452.2849204,210.493700004038
1595635200,0.00027465044255,10522.8957019411,2094340.96000927,216.418696558998
1595721600,0.000265396824089,13547.2666202964,2023777.69424048,204.31706266875
1595808000,0.000262132367976,15051.6014653548,1998884.655343,181.867654872348
1595894400,0.000260705387497,10648.1408425991,1988003.24682038,182.172674000016
1595980800,0.000252851986455,16079.3370025515,1928117.30844384,173.693142250832
1596067200,0.000255046881122,17733.2195520167,1944854.42986015,175.035226412573
1596153600,0.000251439571196,18216.7652829498,1917346.96668869,169.32374324698
1596240000,0.000248236765257,14144.3287257774,1892924.03984856,160.966219148864
1596326400,0.000221359989494,22068.5025757942,1687975.77240425,152.707826267239
1596412800,0.000212158599131,19100.0341906122,1617810.77085776,143.85464608666
1596499200,0.000213229019072,12093.1805434848,1625973.23477383,145.097599031909
1596585600,0.000234967414502,12522.8352230558,1791738.89504812,152.524814790637
1596672000,0.000241832768973,10619.8256474421,1844090.50584511,156.54344179767
1596758400,0.000228824858708,12562.4530377178,1744898.96979959,150.404931853341
1596844800,0.000253013392834,12572.8198852695,1929348.10926691,164.146043554808
1596931200,0.000259392737831,18382.268838612,1977993.66541894,169.407623507089
1597017600,0.000268378558042,22571.1921934286,2046514.84147257,172.290054263557
1597104000,0.000262080512857,20917.1415480453,1998489.23526393,175.141983107257
1597190400,0.000263291225489,22427.4817092844,2007721.49803568,173.304242863054
1597276800,0.00025763603398,17135.6671434046,1964597.95851384,166.715829705415
1597363200,0.000269900896706,18534.8436259011,2058123.40175531,174.875091370548
1597449600,0.000333540916234,48277.9659496447,2543408.98278624,214.352191969044
1597536000,0.000327243746543,55423.973338374,2495390.052638,209.822657923166
1597622400,0.000335298625202,34495.000891442,2556812.3541891,208.640708803451
1597708800,0.000361816689762,44162.4008483992,2759025.27717781,230.083553478547
1597795200,0.000332725479183,36398.3087993846,2537190.88533712,215.778156390894
1597881600,0.000347773703486,32301.6510192606,2651940.79158365,223.258750496964
1597968000,0.00034992967717,25176.3391119183,2668381.1218929,230.18268469504
1598054400,0.00035925168741,21613.3200663252,2739465.90768094,234.50633082974
1598140800,0.000345388922746,24292.9920154502,2633755.69805877,225.782783778422
1598227200,0.000350130050808,18152.1317682417,2669909.06669966,226.751219508769
1598313600,0.000330569395886,28849.2197145739,2520749.71917633,221.779407727772
1598400000,0.000337929547835,30773.274558972,2576874.39735113,224.303441009229
1598486400,0.000330693009745,18749.4701134479,2521692.33396233,222.694465110777
1598572800,0.000338615276757,24381.0497155855,2582103.40829126,223.701028232083
1598659200,0.000338229019886,29887.9574115124,2579158.01494505,224.143305967203
1598745600,0.00034254939227,23576.814950531,2612102.92033932,223.037611629404
1598832000,0.000342922189931,30474.1244030056,2614945.6807732,223.868788752301
1598918400,0.000330857024193,28361.5125793555,2522943.02255868,210.760591740747
1599004800,0.000296824380741,19054.1211669865,2263427.84210912,198.300560375489
1599091200,0.000268208809151,16700.4055276457,2045220.42500618,199.627393580846
1599177600,0.000251380069979,16374.9004168123,1916893.24145608,182.355685476618
1599264000,0.000244957334923,15965.5081177927,1867916.8153554,183.674893203784
1599350400,0.000250953245209,11032.5839723925,1913638.49848076,186.145548137899
1599436800,0.000247755403038,13696.0449074011,1889253.42274526,182.195550434592
1599523200,0.000225241489928,13482.6250369976,1717574.06931484,169.529631158157
1599609600,0.000234884708168,12576.7120368019,1791108.21970189,174.875091370548
1599696000,0.000242520495188,17320.0504501515,1849334.74709946,178.451440642461
1599782400,0.000244733665068,12802.3941096328,1866211.22575395,179.427501850999
1599868800,0.00023677524631,15631.3677654643,1805524.47707431,172.907717997086
1599955200,0.000264684022789,15643.7208298068,2018342.24347231,195.502009879131
1600041600,0.000262957725056,17934.8407232637,2005178.39775691,187.739273079966
1600128000,0.000269302551037,22092.6105734172,2053560.72990524,190.194677057698
1600214400,0.000250737984724,23822.2090670776,1911997.03434685,174.211674767868
1600300800,0.000243788256357,19360.1938878432,1859002.03224597,169.788897416675
1600387200,0.000234923184525,12026.9299474188,1791401.62032309,163.680889385113
1600473600,0.000243478689646,13802.1944427223,1856641.43804236,167.348744395327
1600560000,0.000237728106128,18107.032346973,1812790.48883623,165.732143018684
1600646400,0.00021906795505,18734.5939317084,1670497.91373687,159.669887856272
1600732800,0.000232699975508,19233.9660893522,1774448.58844833,168.378183951208
1600819200,0.00020961,21991.68027249,1598370.01049646,155.993775605773
1600905600,0.00023325,18608.82569852,1778622.51786584,165.295606944385
1600992000,0.00022546,11675.25201692,1719214.67090803,160.780809616321
1601078400,0.00022994,17710.51815578,1753393.5154443,163.092896009058
1601164800,0.00022151,14946.07351097,1689115.37965322,156.756556631896
1601251200,0.000222,18276.90091944,1692852.67135279,158.068211821946
1601337600,0.00021969,14152.03430896,1675272.42099746,154.479806566373
1601424000,0.00021975,11731.01247503,1675664.30751381,155.373542343124
1601510400,0.00020553,14596.18943688,1567293.4985029,147.586232520922
1601596800,0.00020083,11121.33546485,1531461.30312294,144.803658243298
1601683200,0.0002019,18015.86799292,1539576.15773957,145.9432792619
1601769600,0.00019712,12786.13835569,1503119.97557956,140.879370681982
1601856000,0.00019237,12060.08679226,1466886.54080549,135.906424165807
1601942400,0.00018047,7548.21375645,1376137.57105044,129.767325229326
1602028800,0.00019033,20515.81469491,1451343.52845481,136.037243459433
1602115200,0.00019781,18050.08659417,1508399.2275013,138.189226028909
1602201600,0.00020777,14114.05094336,1584347.45085922,143.19139641062
1602288000,0.0002119,14511.76123346,1615842.77089113,143.039068883321
1602374400,0.00019273,16013.66467218,1469659.33182648,129.099426595871
1602460800,0.00019835,12039.26553302,1512528.76396218,130.892645492366
1602547200,0.00019314,11730.67858315,1472801.41545321,128.902532498815
1602633600,0.00019325,9676.8065853,1473624.65323323,128.931672118331
1602720000,0.0001937,11890.57777883,1477055.17819804,128.489312094151
1602806400,0.00020449,24945.21724705,1559342.24890215,137.724487052774
1602892800,0.00022095,30155.10798613,1684831.85840349,148.336882287952
1602979200,0.00021256,12117.98617369,1620898.59683563,141.14994837894
1603065600,0.00020227,22248.16801377,1542382.43734437,131.354525464449
1603152000,0.00019957,16743.58516813,1521791.48760637,127.709394370053
1603238400,0.00019269,24286.14547384,1469372.57015248,114.581930765017
1603324800,0.00020876,23321.63498484,1591899.90137139,122.77821571173
1603411200,0.00020313,17489.77476884,1548982.36421153,119.782479087455
1603497600,0.00020718,29728.10306181,1579872.0560309,120.530252522562
1603584000,0.00018624,16599.57780898,1420201.93025971,108.98585689042
1603670400,0.00019092,23762.17029409,1455886.01025764,111.349505142374
1603756800,0.00017886,22692.43141308,1363906.30730989,99.887111257141
1603843200,0.00017783,18090.90889034,1356022.67869588,102.180193974722
1603929600,0.00022085,29408.36986488,1684064.03230457,125.32303541284
1604016000,0.00022575,26706.82498083,1721456.44574163,127.07894426704
1604102400,0.00021577,23672.81432552,1645340.76749266,119.391483508516
1604188800,0.00021849,19241.05477708,1666064.91115321,121.28135114601
1604275200,0.00022567,25949.39894934,1720860.30331895,126.996089384826
1604361600,0.00022977,32746.77999009,1752077.03542693,125.597166081373
1604448000,0.00021443,19321.00050223,1635145.65970141,115.69477194884
1604534400,0.00020641,17145.2190314,1573979.4094996,101.03024657943
1604620800,0.00025202,28102.13870449,1921758.97537008,123.463215499631
1604707200,0.00024474,32455.34705915,1866239.41365436,125.811408375759
1604793600,0.00025086,25056.67970521,1912964.44289479,123.580888788778
1604880000,0.00025116,17668.71653675,1915237.63347847,124.914427751277
1604966400,0.00027416,31819.35182174,2090616.25835547,136.725815262305
1605052800,0.0002701,24588.72661111,2059667.44894884,131.175118314765
1605139200,0.00026254,32515.77001503,2001985.46770087,122.998497729927
1605225600,0.00025061,34308.81160456,1911037.41546891,117.113094556369
1605312000,0.00023612,30581.45959402,1800532.64879433,112.05669690849
1605398400,0.00022862,26501.79465041,1743309.55418301,109.263767832597
1605484800,0.00023672,23124.2988375,1805069.989271,107.982410096598
1605571200,0.00024963,27184.72720871,1903566.36083606,107.878673664014
1605657600,0.00023166,26815.58917907,1766529.33666566,99.223343385537
1605744000,0.0002091,10494.2079175,1594482.74470456,89.492345728612
1605830400,0.00023226,20079.89032333,1771110.80723346,95.113515450887
1605916800,0.00023426,25648.78950595,1786327.2461273,95.820832301014
1606003200,0.00022624,15927.47488735,1725222.95064816,93.91728191382
1606089600,0.00020778,16434.3181243,1584459.08221709,86.276687150853
1606176000,0.00023233,25800.54282733,1771663.84054028,92.720099156929
1606262400,0.00021869,14263.61928815,1667588.36411104,89.025991819454
1606348800,0.00020237,12288.84194454,1543171.49834117,89.980845384325
1606435200,0.00020507,14959.30559794,1563726.74528525,91.404849542762
1606521600,0.00020768,22828.97825535,1583637.85375057,89.384644268414
1606608000,0.00021131,12099.07640389,1611346.26782411,88.646539981332
1606694400,0.00023787,31710.48934738,1813856.82794382,92.419997287086
1606780800,0.00022528,17535.45927092,1717857.81596627,91.360327117773
1606867200,0.00022695,14411.05973618,1730620.04137203,90.134077501729
1606953600,0.00022442,22678.11014669,1711308.64420569,88.005583561081
1607040000,0.00021132,19668.4288399,1611382.96025259,86.173759387727
1607126400,0.00022212,22218.60376929,1693788.8388046,88.425965130462
1607212800,0.00022252,12104.37577976,1696805.7267966,87.715065051866
1607299200,0.00022464,11603.73741434,1712955.75588313,89.254572305075
1607385600,0.00020761,11112.31823658,1583121.45041956,86.411696335217
1607472000,0.00021332,27539.04903943,1626649.89696938,87.669200569365
1607558400,0.00020665,29133.72280147,1575795.26035112,86.274123279035
1607644800,0.00020236,20897.15262029,1543090.11778907,85.451017295633
1607731200,0.00022175,31726.01152383,1690976.19611952,89.928668684724
1607817600,0.00022137,31576.41309415,1688061.91953601,88.181542383857
1607904000,0.00022833,21983.29694305,1741104.39544684,90.459954641028
1607990400,0.00024079,34968.47584697,1836121.04917222,94.562636034656
1608076800,0.00024742,25759.84512546,1886690.29914271,88.531543016114
1608163200,0.00026252,29234.11974796,2001867.02465583,87.778040990451
1608249600,0.00026881,42409.57256077,2049812.12049381,88.593122338816
1608336000,0.00024757,38920.47592446,1887865.79169378,79.092555606285
1608422400,0.00023737,26878.83053066,1810093.51452868,77.102647872096
1608508800,0.00023105,9818.4285909,1761878.65687651,77.261867783912
1608595200,0.00022329,35788.35596314,1702705.51184305,71.596139776499
1608681600,0.00021149,18307.82526138,1612746.09744456,69.393302221124
1608768000,0.00021388,20708.15125812,1630914.83309865,68.712238456386
1608854400,0.00021663,30949.1299738,1651905.03747129,66.974481577392
1608940800,0.00021665,21570.93701459,1652035.40462908,62.48986910194
1609027200,0.00016696,26723.81009393,1273139.4131058,48.459517071678
1609113600,0.00015647,23374.19614212,1193131.40872134,44.051384598857
1609200000,0.00016944,23659.72645409,1292036.91166917,47.216079774879
1609286400,0.00017044,22232.66461124,1299723.72181074,45.067866673911
1609372800,0.00016839,19033.80304871,1284074.56112603,44.274225915421
1609459200,0.00017302,12947.0927904,1319370.45227825,44.914414310016
1609545600,0.00014749,14554.6776152,1124668.06178554,35.00814341079
1609632000,0.00015422,11443.2947948,1176037.48238826,35.871354669656
1609718400,0.00015654,23871.82233952,1193668.5551069,37.333596817448
1609804800,0.00015686,19198.2949826,1196160.28144865,35.192398947377
1609891200,0.00016632,20293.37074548,1268268.63464058,34.444260598073
1609977600,0.00022622,33382.57446147,1725024.88853649,43.815723673993
1610064000,0.0004409,135151.42899032,3362102.21546223,82.409250720119
1610150400,0.00049032,171838.34174408,3738891.27119512,92.8774997617
1610236800,0.00036504,69365.40793946,2783612.46024203,72.571881942043
1610323200,0.00035893,34018.30496372,2737005.3655035,76.956114419696
1610409600,0.00045293,55638.70873465,3453827.02246553,101.815950376349
1610496000,0.00051881,107418.68515361,3956182.88346568,106.017252228799
1610582400,0.00047144,37699.85789353,3594961.37932982,91.734654236674
1610668800,0.00046156,44980.4025065,3519585.99584829,95.576936632209
1610755200,0.00043452,29884.27629253,3313396.64105484,91.588895921269
1610841600,0.00038255,23840.41715059,2917155.59370647,81.501918665625
1610928000,0.00042562,28006.8005239,3245590.0240924,88.601359169986
1611014400,0.00045452,46541.67146231,3465898.44039844,96.08771065621
1611100800,0.00047825,90783.51227524,3646889.91127927,102.593323296082
1611187200,0.00040948,97432.49856725,3122494.63379066,101.297300760172
1611273600,0.00047579,131886.30681287,3628100.28837326,109.920481004016
1611360000,0.0004506,94021.34907235,3436054.75357126,107.153664885005
1611446400,0.00048216,132641.86736647,3676688.99874338,113.863282166161
1611532800,0.00046539,97123.3788842,3548808.07031682,109.64634230019
1611619200,0.00048446,114013.35280363,3694252.51918084,113.421772634058
1611705600,0.00047938,123498.61778316,3655530.95904458,120.117492734095
1611792000,0.00050545,104874.84,3854297.25,115.167576153428
1611878400,0.00046928,116692.84,3578518.22,104.279399630285
1611964800,0.00046659,83311.11,3557967.43,103.820756037313
1612051200,0.0004301,105094.24,3279689.86,99.038855851383
1612137600,0.0004123,80388.94,3144003.17,93.748180868251
1612224000,0.00050077,110266.82,3818589.77,107.533903661441
1612310400,0.00049811,137640.79,3798346.27,101.365997404409
1612396800,0.00060301,207304.07,4598229.02,124.523772236945
1612483200,0.00073921,346255.37,5636866.39,147.775102841966
1612569600,0.00072509,197656.74,5529182.47,140.812703927816
1612656000,0.00065849,61743.57,5021337.63,129.069781963857
1612742400,0.00073078,81959.58,5572574.56,120.628037117381
1612828800,0.00088334,285427.77,6735902.19,144.914851833677
1612915200,0.00142168,596267.34,10841017.81,241.347007544947
1613001600,0.00142473,493896.93,10864255.66,226.766639866557
1613088000,0.0012357,398076.72,9422776.75,198.353377697661
1613174400,0.00111869,403575.5,8530517.11,181.096864051158
1613260800,0.00117802,287269.94,8982933.39,184.391022481443
1613347200,0.00121253,342571.55,9246124.67,192.848418516903
1613433600,0.00101111,350980.83,7710178.76,156.710826415286
1613520000,0.00101943,263628.97,7773631.6,149.062662975192
1613606400,0.00104029,239176.13,7932738.55,153.501453451922
1613692800,0.00102266,255771.73,7798251.1,139.530634451137
1613779200,0.0009665,331891.03,7370003.06,131.371353044677
1613865600,0.00098448,233246.05,7507135.03,130.472005894787
1613952000,0.00087301,292914.82,6657115.67,122.808270083218
1614038400,0.00071163,282611.68,5426529.67,111.141562244776
1614124800,0.00096311,399110.19,7344157.79,147.75093326727
1614211200,0.00081488,312279.78,6213880.23,131.944298080319
1614297600,0.000762,275085.03,5810592.83,125.392898289396
1614384000,0.00076198,173529.42,5810474.39,125.797784734284
1614470400,0.00070844,286045.91,5402198.66,119.681988550477
1614556800,0.00083322,227658.49,6353700.7,128.016523069057
1614643200,0.00079309,194438.06,6047655.57,125.003742020464
1614729600,0.00081902,230126.58,6245382.71,123.577778562502
1614816000,0.00078223,185382.63,5964894.04,122.831537011263
1614902400,0.00074254,138883.55,5662208.09,115.723960963504
1614988800,0.00079111,168471.26,6032623.93,123.335136003615
1615075200,0.00082474,267105.4,6289027.64,122.815771236802
1615161600,0.00080053,294968.55,6104418.01,116.837461118534
1615248000,0.00088581,221410.51,6754708.89,123.204560273343
1615334400,0.00088455,230743.12,6745084.72,120.42860548636
1615420800,0.00090115,217270.8,6871720.15,118.873933771681
1615507200,0.00089183,223354.12,6800608.24,118.621555432582
1615593600,0.00110095,362684.94,8395300.23,137.083711553395
1615680000,0.00112845,303054.37,8604984.66,145.105457127157
1615766400,0.00123051,408179.07,9383247.67,167.837141686536
1615852800,0.00198698,1397329.41,15151640.43,266.731034333999
1615939200,0.00158809,810866.35,12109916.52,205.704404689608
1616025600,0.00141123,615040.39,10761296.65,185.992918652629
1616112000,0.00135536,428779.64,10335271.63,177.132293038949
1616198400,0.00147792,574501.81,11269828.94,193.259814235791
1616284800,0.00131805,462411.94,10050790.63,174.723087671325
1616371200,0.0012164,443554.67,9275646.52,170.101814305853
1616457600,0.00172634,754673.21,13164145.39,240.49191776233
1616544000,0.00170873,774041.82,13029911.85,246.898272915733
1616630400,0.00162438,572813.38,12386705.38,239.570250140644
1616716800,0.00157749,523828.52,12029085.28,218.164381302449
1616803200,0.00195897,773871.96,14938088.09,266.87657645284
1616889600,0.00205191,730526.4,15646827.23,279.657364033033
1616976000,0.00194637,555399.32,14842000.06,257.001458110318
1617062400,0.00190596,587727.78,14533851.78,246.684140843984
1617148800,0.00233941,821785.65,17839134.64,302.777486638016
1617235200,0.00218846,668111.22,16688051.67,282.386668910302
1617321600,0.00266441,1202024.96,20317381.52,342.13201296266
1617408000,0.0026789,1039192.53,20427880.8,354.630267828138
1617494400,0.00249557,903228.46,19029889.82,323.868887843274
1617580800,0.00248691,869994.67,18963889.99,321.109090187783
1617667200,0.00278236,752418.71,21216816.88,364.596840625742
1617753600,0.00260659,801645.28,19876500.0,354.63057442866
1617840000,0.00359894,1264561.93,27443627.57,470.537570183004
1617926400,0.00339594,1033558.39,25895696.73,444.596401039453
1618012800,0.00306321,733392.9,23358406.93,390.652677101439
1618099200,0.00364387,847905.06,27786252.23,461.524458877106
1618185600,0.00312456,623364.32,23826249.24,397.813323028382
1618272000,0.00278839,711073.5,21262826.5,334.827426862275
1618358400,0.00248443,551933.49,18944948.54,300.191910890699
1618444800,0.00279087,865404.35,21281694.49,336.130702296847
1618531200,0.00243364,902256.21,18557653.53,301.396778395017
1618617600,0.00209764,434104.24,15995507.33,263.589892391502
1618704000,0.0019718,575054.78,15035885.53,267.46307179468
1618790400,0.00170374,312946.04,12991834.33,233.141408199267
1618876800,0.00174391,266930.34,13298141.07,235.474649633066
1618963200,0.00178344,335665.44,13599572.03,252.2811202174
1619049600,0.00172869,661034.17,13182068.7,254.667724331083
1619136000,0.00196246,518485.86,14964728.46,292.887628496958
1619222400,0.00188605,369634.18,14382056.47,287.351360758734
1619308800,0.0016815,238291.06,12822231.58,261.652829143348
1619395200,0.00208329,297612.58,15886075.86,294.06881877465
1619481600,0.00231011,268573.43,17615709.39,320.094988145166
1619568000,0.00192771,286078.25,14699747.38,268.120110197167
1619654400,0.00195176,192927.93,14883110.2,277.903055769562
1619740800,0.00181116,343495.68,13810956.22,239.15016286338
1619827200,0.00201487,276010.94,15364336.15,265.686719311072
1619913600,0.00202459,226393.65,15438499.45,272.619045750967
1620000000,0.00194092,316418.69,14800443.02,258.747724045628
1620086400,0.0016691,441949.95,12727700.71,238.647247870205
1620172800,0.00181079,217409.09,13808106.23,240.461247221831
1620259200,0.00187414,334706.58,14291185.02,253.401757285806
1620345600,0.00194587,302042.56,14838206.79,258.70227895879
1620432000,0.00212452,348187.25,16200516.45,275.501505668127
1620518400,0.00207973,362101.44,15858915.76,272.335984696398
1620604800,0.00166288,338266.05,12680290.22,227.00348765947
1620691200,0.00174751,307877.19,13325582.01,235.001680324679
1620777600,0.00150478,239356.83,11474697.78,233.462265070296
1620864000,0.00150294,121987.73,11460599.58,230.51746929578
1620950400,0.00162955,351110.4,12426099.83,249.116783987156
1621036800,0.0014421,78366.45,10996709.45,235.169904609944
1621123200,0.00124413,162054.58,9487112.85,204.218505490463
1621209600,0.00114823,62112.29,8755782.48,201.1062690794
1621296000,0.00128942,78592.39,9832478.02,229.146410402351
1621382400,0.00088915,209551.09,6780209.35,183.233032076871
1621468800,0.0008716,100716.82,6646356.64,162.971470984488
1621555200,0.00072756,82665.08,5547989.01,148.719596544656
1621641600,0.00078559,70208.02,5990488.42,159.593340218409
1621728000,0.00063996,67210.32,4880013.23,140.347277170683
1621814400,0.00073853,86064.22,5631622.6,145.50118591066
1621900800,0.00070351,22726.95,5364578.19,139.698188285597
1621987200,0.00081373,40680.68,6205061.8,157.915555302373
1622073600,0.00076775,24176.84,5854429.23,152.310477942064
1622160000,0.00075402,17642.72,5749765.99,161.065432270736
1622246400,0.00066808,19196.72,5094412.65,147.171243181954
1622332800,0.0006814,5124.85,5196030.17,145.639830080467
1622419200,0.00077718,31976.37,5926339.81,158.746419316735
1622505600,0.0008336,60675.35,6356616.9,173.274239225888
1622592000,0.00084721,75587.66,6460368.65,171.931318033959
1622678400,0.00080253,74060.38,6119685.24,156.078548455908
1622764800,0.00074397,51266.92,5673124.87,153.76770972425
1622851200,0.00070781,52666.74,5397420.17,151.816501835987
1622937600,0.00069971,50335.06,5335624.11,148.780726315488
1623024000,0.00065972,76570.53,5030686.34,149.901825125387
1623110400,0.00063244,93390.89,4822666.45,144.076054497344
1623196800,0.00065252,62787.59,4975801.51,133.240635971664
1623283200,0.00066782,117036.04,5092461.45,138.745973589815
1623369600,0.00063035,91203.04,4806727.5,128.748769905608
1623456000,0.00061018,160278.93,4652880.21,130.875123806467
1623542400,0.00064066,106568.13,4885316.41,124.950511494802
1623628800,0.00068772,117168.11,5244217.98,130.396276766707
1623715200,0.00070266,132419.67,5358115.89,132.607001006319
1623801600,0.00062059,122826.02,4732317.25,123.411305973348
1623888000,0.00064616,159341.41,4927278.66,129.480611066609
1623974400,0.00062608,75227.22,4774153.0,133.407562507986
1624060800,0.00059866,110432.93,4565054.5,128.176262136271
1624147200,0.00059988,75184.97,4574350.97,128.137950423218
1624233600,0.00050503,83954.8,3851077.9,121.572451061719
1624320000,0.00048435,180501.36,3693406.97,113.619828332817
1624406400,0.00052556,155201.98,4007622.97,118.842385241362
1624492800,0.00052351,96817.18,3992033.08,115.168145034937
1624579200,0.00046856,77830.12,3573025.84,112.934336457231
1624665600,0.00047217,64859.69,3600536.59,111.866217199949
1624752000,0.00051553,146024.56,3931159.86,113.451780492076
1624838400,0.00050889,114431.38,3880563.39,112.697923600012
1624924800,0.00053819,72353.1,4103992.54,114.421316008659
1625011200,0.00051646,73001.64,3938247.78,112.391732233706
1625097600,0.00050055,23945.56,3816954.72,113.696523574468
1625184000,0.00051527,121896.94,3929174.49,115.914727079958
1625270400,0.00052584,38944.13,4009765.3,115.662787293473
1625356800,0.00051823,83032.27,3951723.67,111.986982261969
1625443200,0.00048645,12994.17,3709440.78,109.922065666975
1625529600,0.00052108,13041.29,3973470.41,116.067001440489
1625616000,0.00053122,76190.69,4050822.18,119.651840718309
1625702400,0.00050138,114937.39,3823228.15,116.287505061032
1625788800,0.00052481,180942.22,4001889.38,118.40730605865
1625875200,0.00051609,112514.89,3935413.91,117.401291554496
1625961600,0.00053088,174400.12,4048193.34,118.232439980222
1626048000,0.00051046,101335.99,3892472.67,117.400989749089
1626134400,0.0004994,99354.95,3808161.98,116.448621539007
1626220800,0.00049652,63865.13,3786182.55,115.350002887799
1626307200,0.00044628,96579.85,3403112.07,107.077394655687
1626393600,0.00044619,35354.93,3402394.43,108.281227517425
1626480000,0.00043516,85779.41,3318335.88,105.232638900634
1626566400,0.0004079,69289.72,3110396.85,97.81851137975
1626652800,0.00039178,89944.18,2987484.94,96.941896069784
1626739200,0.00040555,140033.5,3092499.56,103.751816085218
1626825600,0.00042384,173499.83,3231969.71,100.648282847985
1626912000,0.00042376,153280.28,3231334.86,99.999351883236
1626998400,0.00044634,123742.82,3403556.81,101.350256669154
1627084800,0.00044609,177873.42,3401684.16,99.19322906427
1627171200,0.00049156,124846.73,3748358.68,106.031669471479
1627257600,0.00052288,190769.43,3987200.79,106.786948942702
1627344000,0.00064216,299443.72,4896750.66,124.264122267597
1627430400,0.00058008,253566.34,4423401.84,110.592671503103
1627516800,0.00054425,150775.29,4150184.24,103.729823089977
1627603200,0.00054342,154201.83,4143860.37,98.109947223915
1627689600,0.0005264,123983.88,4014056.88,96.431921171125
1627831510,0.00051465276372,160087.8524103,3924473.43,94.592739162345
